DISTRICT NAME,TOTAL NUMBER OF SCHOOLS,TOTAL STUDENTS,STUDENTS: % AFRICAN AMERICAN,STUDENTS: % HISPANIC,STUDENTS: % WHITE,STUDENTS: % AMERICAN INDIAN,STUDENTS: % ASIAN,STUDENTS: % PACIFIC ISLANDER,STUDENTS: % TWO OR MORE RACES,STUDENTS: % ECONOMICALLY DISADVANTAGED,STUDENTS: % ENGLISH LEARNERS (EL),STUDENTS: % SPECIAL EDUCATION,STUDENTS: % BILINGUAL/ESL EDUCATION,STUDENTS: % CAREER & TECHNICAL EDUCATION,STUDENTS: % GIFTED & TALENTED EDUCATION
CAYUGA ISD,3,574,4.4,11.5,79.1,0,0.5,0,4.5,40.8,1,14.6,1,30.5,6.1
ELKHART ISD,4,1150,4,11.8,80.3,0.3,0.2,0,3.4,45.4,2.8,12.1,2.7,31.8,4.6
FRANKSTON ISD,3,808,8.5,11.3,75.2,0.4,1,0,3.6,54.2,4.1,13.1,4.1,43.9,7.3
NECHES ISD,2,342,8.2,13.5,75.1,0.3,0.3,0,2.6,54.1,2,10.5,2,29.5,5.6
PALESTINE ISD,6,3360,25.1,42.9,27.3,0.2,0.7,0.1,3.7,81.6,17.7,13.5,16.1,30.6,2.3
WESTWOOD ISD,4,1332,19.7,26.2,48,0.7,0.5,0.1,4.9,74,7.1,14.5,6.8,38.7,3.2
SLOCUM ISD,2,361,0.3,8.6,87,0,0.6,0,3.6,46.8,0.6,14.7,0.6,37.7,3.3
ANDREWS ISD,6,4131,0.8,68.7,28.2,0.3,0.3,0,1.7,49.6,14.2,10.4,15.2,24.8,6.8
PINEYWOODS COMMUNITY ACADEMY,4,995,15.7,31.2,48.5,0.1,1,0.1,3.4,57.8,5.1,11.6,5,18.9,9.2
HUDSON ISD,5,2799,7.2,27.9,60.6,0.3,1,0.1,3,50.1,6.9,11.9,6,34.4,6
LUFKIN ISD,17,7318,28.7,43.1,24,0.1,1.1,0.1,3,85.8,20.5,12.6,26.9,26.2,13
HUNTINGTON ISD,5,1612,2.4,6.6,87,0.3,0.1,0.2,3.2,58.6,1.2,16.3,1.2,27,3.9
DIBOLL ISD,6,1744,12.3,51.5,33.5,0.1,0.3,0,2.2,70.6,15.4,12.3,14.9,28.4,3.6
ZAVALLA ISD,2,300,0.3,4.3,91,0,0,0,4.3,68.7,0,15.3,0,29,3.7
CENTRAL ISD,4,1451,3.7,21.2,71.7,0.1,0,0,3.3,56.4,5,15.1,4.9,27.3,5.7
ARANSAS COUNTY ISD,4,3005,1.3,44.1,49.6,0.3,2,0.1,2.7,66.9,5,14.2,5,19.9,4.6
ARCHER CITY ISD,2,506,1.2,13.6,81.6,0.6,0,0,3,41.1,2.2,14.6,2.2,28.1,5.3
HOLLIDAY ISD,3,1126,0.4,8.8,86.6,0.8,0.1,0,3.4,24.7,0.5,11.1,0.5,25,6.2
WINDTHORST ISD,3,530,0.8,25.1,72.8,0.6,0.4,0,0.4,30,5.7,7.5,6,28.1,7
CLAUDE ISD,1,307,0.7,14.7,79.5,1,0,0,4.2,36.2,1,9.8,1,37.5,6.5
CHARLOTTE ISD,3,397,0,87.2,12.6,0,0,0,0.3,68.5,6.5,14.1,6.3,29.2,4.5
JOURDANTON ISD,7,1569,0.4,61.1,37,0.3,0.3,0,1,55.3,3.1,14.7,2.9,23.9,4.4
LYTLE ISD,5,1740,0.6,82.4,15.9,0.2,0.2,0,0.7,74,14.7,11.3,14.2,28.2,2.6
PLEASANTON ISD,6,3374,0.7,69.6,27.6,0.4,0.5,0.1,1.2,66.1,5.2,12.7,4.8,34.5,4.5
POTEET ISD,4,1676,0.4,87.6,11.5,0,0.1,0,0.4,71.7,8.1,12.3,10.6,27.6,4.7
BELLVILLE ISD,5,2191,7.2,31.4,57.9,0.2,0.3,0.1,2.8,45.3,9.7,12.8,9.5,27.4,11.5
SEALY ISD,4,2814,8.2,52.9,34.8,0.2,0.7,0.1,3.1,60.3,16.9,13.7,17.6,33.4,5.4
BRAZOS ISD,3,766,4,55.4,36.8,0,0.3,0,3.5,58.4,16.8,14.2,15,30.2,5
MULESHOE ISD,4,1347,0.7,85.7,12.5,0.1,0.6,0.1,0.4,87.6,30.5,14,30.4,32,2.7
MEDINA ISD,1,265,2.6,29.8,64.9,0,0.4,0,2.3,57,1.5,12.5,1.5,30.2,6
BANDERA ISD,4,2301,0.2,34.5,62.2,0.2,0.4,0.1,2.4,48,5.3,15.7,5.1,29.6,5.5
BASTROP ISD,14,11947,3,72.2,21.4,0.1,0.4,0.1,2.9,70.2,37.4,12.1,36.7,23.2,6.2
ELGIN ISD,8,4985,9,75.8,12.5,0.1,0.2,0.2,2.3,71.1,41.3,12.4,43.2,26.2,7.6
SMITHVILLE ISD,4,1780,6.9,33.9,54.4,0.1,0.6,0.1,4.2,45.7,8.3,12.5,7.9,22.3,7.1
MCDADE ISD,2,319,0.9,54.2,42.6,0,0,0.6,1.6,57.7,23.8,15,23.2,24.5,7.2
SEYMOUR ISD,3,618,1.6,21.8,69.1,0.3,0.2,0,7,60.5,0.6,17.3,0.6,24.1,3.1
ST MARY'S ACADEMY CHARTER SCHOOL,1,401,1,81.8,13.7,0,1.7,0,1.7,83.5,1.2,13,1.2,0,5.5
BEEVILLE ISD,5,2996,2.4,83.9,12.1,0.1,0.3,0,1.1,83.9,2.3,13.5,2.1,38.3,4.5
PAWNEE ISD,1,498,12.4,70.5,14.7,0,0.2,0.6,1.6,88,0.8,5.4,0.8,0,1.4
PETTUS ISD,2,377,1.6,70.3,27.3,0.3,0.3,0,0.3,66,0.5,13,0.5,27.1,5.3
SKIDMORE-TYNAN ISD,3,785,0.5,71.1,26.9,0.1,0.6,0.1,0.6,60.1,2.2,10.1,2,36.8,8.2
RICHARD MILBURN ALTER HIGH SCHOOL - KILLEEN,9,1590,16,62.5,17.9,0.4,0.1,0.3,2.8,97,9.3,13.5,8.9,41.4,0
PRIORITY CHARTER SCHOOLS,4,836,17.6,33.4,37.8,0.2,2.3,0.7,8,57.8,6.1,13.2,6.2,8.9,5.4
ORENDA CHARTER SCHOOL,5,1900,5.6,22.4,59.8,0.3,6.6,0.3,5.2,11.3,2.6,11.2,2.1,18.9,0
ACADEMY ISD,4,1749,6.2,23.4,63.7,0.5,1.1,0.3,4.8,36.4,5.9,10.5,5.6,24.1,7.3
BARTLETT ISD,1,394,10.7,59.9,26.1,0.3,0.5,0,2.5,88.3,22.1,9.9,22.3,28.2,0.5
BELTON ISD,17,13298,7.3,34.7,49.6,0.4,1.8,0.4,5.9,40.2,6.3,15.5,6.4,22.3,8.2
HOLLAND ISD,3,656,2.3,26.1,69.1,0,0,0,2.6,43.4,2.1,11.6,2.1,34,7.6
KILLEEN ISD,53,43839,34.2,32.8,19.1,0.5,2.3,2.1,9.2,61.9,11.2,14.4,10.4,15.2,3.1
ROGERS ISD,4,893,1.2,31.4,64.4,0.1,0.6,0,2.4,47.1,6.9,10,6.6,33.7,7.7
SALADO ISD,4,2233,1.3,24.4,69.5,0.1,0.4,0.3,4,23.4,5.6,9.1,5.6,23.2,6.4
TEMPLE ISD,17,8395,23.5,46.6,21.9,0.4,1.4,0.3,5.8,77.5,13.8,15.6,13.6,25.2,4.9
TROY ISD,4,1636,2.1,31.2,62.1,0.2,0.2,0.4,3.8,45.8,5.4,16,5.4,18,4.3
POR VIDA ACADEMY,2,124,2.4,92.7,4,0,0,0,0.8,91.9,0,6.5,0,58.1,0
GEORGE GERVIN ACADEMY,2,776,48.8,46.8,1.8,0.3,0.1,0.3,1.9,86.7,17.3,13.3,18.3,7.9,1.8
NEW FRONTIERS PUBLIC SCHOOLS INC,1,149,2.7,92.6,4.7,0,0,0,0,73.8,6.7,3.4,6.7,18.8,0
LEGACY TRADITIONAL SCHOOLS - TEXAS,4,353,24.1,69.4,4.8,0.3,0.3,0.3,0.8,90.1,24.4,10.5,24.1,20.4,0
SOUTHWEST PREPARATORY SCHOOL,6,794,12.5,68.4,16.6,0,0.5,0,2,82.5,10.6,12.1,9.8,20.4,4.5
INSPIRE ACADEMIES,6,636,8,55.8,32.2,0.2,0.5,0.3,3,60.2,3.9,15.3,3.6,23,0
BEXAR COUNTY ACADEMY,1,261,3.8,89.3,5,0,0,0.4,1.5,96.9,20.3,6.9,17.6,0,0
POSITIVE SOLUTIONS CHARTER SCHOOL,1,93,3.2,92.5,4.3,0,0,0,0,90.3,3.2,21.5,3.2,12.9,0
HERITAGE ACADEMY,5,572,7,82.7,7.2,0.9,0.2,0,2.1,79.9,50.2,8.4,49.7,45.8,1.7
JUBILEE ACADEMIES,13,5764,5.9,85.7,6.2,0.5,0.5,0,1.2,83.7,26,8.4,24.4,23.8,6.2
LIGHTHOUSE PUBLIC SCHOOLS,3,408,7.1,87,3.9,0,1,0.2,0.7,90.7,28.2,12.5,28.2,23,2.9
SCHOOL OF SCIENCE AND TECHNOLOGY,7,3972,24.7,50.3,17.7,0.9,2.9,0.2,3.3,60.1,20.5,10.1,19.6,30.6,6.5
HARMONY PUBLIC SCHOOLS - SOUTH TEXAS,8,4459,4.1,90.7,3.3,0.1,0.7,0,1,86.1,39.5,9.6,37.9,30.5,7.4
BROOKS ACADEMIES OF TEXAS,4,3141,5.9,80,8.8,0.2,3.3,0.1,1.6,63.6,6.9,14.3,7.9,20.2,8.2
SCHOOL OF SCIENCE AND TECHNOLOGY DISCOVERY,6,5288,23.2,53,13.9,0.2,7.1,0.1,2.5,64.6,16.5,9.3,16.1,26.9,7.7
HENRY FORD ACADEMY ALAMEDA SCHOOL FOR ART + DESIGN,1,93,3.2,83.9,8.6,0,1.1,0,3.2,46.2,0,5.4,0,74.2,0
BASIS TEXAS,7,3421,5.1,26.1,18.3,0.5,44.5,0,5.5,8.1,13.4,2.8,12.2,3.9,0
GREAT HEARTS TEXAS,11,8136,5.9,38.6,36.8,0.3,14.7,0,3.6,22.3,7.7,7.4,7.2,1.6,0
ELEANOR KOLITZ HEBREW LANGUAGE ACADEMY,1,489,1.2,51.1,37.8,0.2,5.1,0,4.5,17.8,8,8,7.2,0.2,0
COMPASS ROSE PUBLIC SCHOOLS,5,1836,7.8,83,5.9,0.5,0.7,0.2,2,87.1,15.5,10.7,14.6,9.5,0
PROMESA ACADEMY CHARTER SCHOOL,1,262,3.8,79.8,11.1,1.1,2.7,0,1.5,80.9,9.2,9.9,8.4,0,0
SAN ANTONIO PREPARATORY SCHOOLS,1,205,59,36.1,1.5,0,0,0.5,2.9,56.1,0,10.7,1,3.4,0
THE GATHERING PLACE,1,465,9.5,59.1,20.9,1.9,1.3,0,7.3,57.6,4.9,12.7,3.9,0,0
ROYAL PUBLIC SCHOOLS,1,111,1.8,91.9,4.5,0,0,0,1.8,97.3,9,12.6,8.1,0,1.8
PRELUDE PREPARATORY CHARTER SCHOOL,1,30,3.3,90,6.7,0,0,0,0,86.7,0,6.7,0,0,0
ALAMO HEIGHTS ISD,5,4788,2.2,39.8,52.3,0.2,3,0.1,2.3,19.5,6.7,10.2,12.6,20,21.6
HARLANDALE ISD,28,12078,0.5,97.6,1.6,0,0.1,0,0.2,88.3,17.5,12.3,20.1,31.8,6.7
EDGEWOOD ISD,24,8383,1.5,96.4,0.7,0,1.1,0.1,0.2,89,21.9,11.9,20.2,18.5,1.3
RANDOLPH FIELD ISD,3,1458,18.3,27.3,36.7,0.4,1.9,0.5,14.9,3.7,0.5,11,0.4,21,9.3
SAN ANTONIO ISD,100,44568,5.8,89.8,3.1,0.1,0.5,0,0.7,88,22.2,13.4,24.2,23.9,7.1
SOUTH SAN ANTONIO ISD,20,7919,1.2,95.8,2.4,0.2,0.2,0.1,0.2,90.3,20.2,12.3,20.2,29.1,6.1
SOMERSET ISD,8,3955,0.6,91.5,6.9,0,0.2,0.1,0.7,84.7,21.6,11,20.3,33.4,4.3
NORTH EAST ISD,75,59445,7.3,60.9,23.5,0.2,4,0.1,3.9,59.3,16.5,12.7,18.8,23.3,7.9
EAST CENTRAL ISD,15,10002,8,75.3,14.1,0.1,0.5,0.1,2,66.4,13.3,12.3,15.6,27.4,6.5
SOUTHWEST ISD,18,13165,3.4,90.3,4.7,0.1,0.4,0,0.9,81.8,18.6,16.9,18.6,24.7,10.6
LACKLAND ISD,2,910,12,27,45.9,0.3,0.8,0.2,13.7,13.5,2.2,11,1.8,22.9,9.2
FT SAM HOUSTON ISD,2,1635,14.7,29.9,39.6,0.4,2.5,0.8,12.1,25.7,1.9,13.6,1.7,23,6.1
NORTHSIDE ISD,122,101584,6.9,68.1,17.4,0.1,3.6,0.2,3.7,48.9,10.5,13.7,9.7,21.6,6.9
JUDSON ISD,32,24517,20.9,59.1,13.4,0.2,1.9,0.4,4.2,68.7,11,14.1,10.8,24.9,5.3
SOUTHSIDE ISD,9,5516,0.9,91,7.4,0.1,0.2,0,0.4,86.1,20.8,14.2,22.5,29.3,7.9
JOHNSON CITY ISD,3,697,0.1,28.3,68.6,0,0.6,0,2.4,31.3,7.7,12.5,7.7,32.9,4.3
BLANCO ISD,3,1058,0.9,41.2,55.5,0.2,0.3,0.1,1.9,42,8.5,15.8,8.4,35,6
BORDEN COUNTY ISD,1,245,0,22.9,74.3,0.4,0,0,2.4,42,0.8,8.6,0.4,44.5,5.7
CLIFTON ISD,3,1024,1.5,37.1,54.3,0,0.9,0.1,6.2,62,8.1,18.2,8.1,26.5,4.4
MERIDIAN ISD,2,392,2.8,37,55.4,0,0.8,0.3,3.8,63.3,5.4,16.3,5.1,29.8,14.8
MORGAN ISD,1,139,0,61.2,33.1,0.7,0.7,0,4.3,69.8,12.9,17.3,12.9,26.6,2.2
VALLEY MILLS ISD,3,618,2.1,25.2,68,0,0.3,0.2,4.2,50.5,6.8,14.4,6.8,25.7,3.4
WALNUT SPRINGS ISD,1,178,0.6,62.9,35.4,0,0.6,0,0.6,87.6,30.3,15.7,30.3,24.7,0.6
IREDELL ISD,1,133,0,32.3,66.9,0,0.8,0,0,58.6,1.5,18,1.5,43.6,1.5
KOPPERL ISD,1,179,1.1,8.9,88.3,0,0,0,1.7,63.7,0.6,19,0.6,39.1,8.4
CRANFILLS GAP ISD,1,132,3.8,31.8,62.1,0,0.8,0,1.5,72,6.1,17.4,6.1,38.6,0
DEKALB ISD,3,783,17.1,13.7,60.2,0.6,0.3,0,8.2,68.8,5.1,11.6,5,30,5.4
HOOKS ISD,3,886,11.2,9.1,69.1,0.1,0.2,0.3,9.9,56.4,2.7,11.5,2.7,31.4,8.4
MAUD ISD,1,474,4.9,5.9,82.3,0.4,0.2,0.2,6.1,57,0.4,11.6,0.4,28.1,5.1
NEW BOSTON ISD,3,1196,22.2,9.8,55.1,0.4,0.3,0.3,12,79.8,3.4,16.8,3.3,23.5,6
REDWATER ISD,4,1099,2.7,3.6,89.4,0.4,0.4,0.4,3.2,51.1,0.5,10.6,0.5,27.5,8.6
TEXARKANA ISD,13,7126,44.9,17.3,30.7,0.3,1.3,0,5.5,76.5,9.1,11.7,9.2,26.1,5.2
LIBERTY-EYLAU ISD,4,2131,57.3,6.8,27.8,0.6,0,0.1,7.5,83.8,2.8,15.1,2.7,23.4,3
SIMMS ISD,3,473,0.2,3.6,91.1,0,0.8,0,4.2,46.5,0.8,8.2,0.8,29.8,6.1
MALTA ISD,1,208,3.4,6.3,85.6,1.4,0,0,3.4,50.5,0,9.6,0,0,4.8
RED LICK ISD,2,500,1.8,3.2,91.2,0.4,0.6,0,2.8,12.4,0.4,6.2,0.4,1.2,11
PLEASANT GROVE ISD,4,2313,14.8,7,68.7,0.5,2.8,0.1,6,32.7,3.5,9.8,3.4,33.1,9.3
HUBBARD ISD,1,69,0,24.6,75.4,0,0,0,0,62.3,15.9,15.9,15.9,0,1.4
LEARY ISD,1,105,5.7,14.3,74.3,0,0,0,5.7,98.1,0,9.5,0,0,2.9
ALVIN ISD,31,27955,24.2,41,21.9,0.2,9.5,0.1,3.1,51.1,17.8,12.3,17.8,26.4,6.4
ANGLETON ISD,11,6748,10.9,51.4,33.7,0.4,0.4,0.1,3,75.2,15.4,13.3,18.7,31.8,4.6
DANBURY ISD,3,772,0.4,23.8,72.5,0.1,0.6,0,2.5,36,5.4,11.8,5.3,29.4,5.6
BRAZOSPORT ISD,20,11451,6.5,56.9,32.1,0.4,1.5,0.1,2.6,71.7,12.9,13.2,12.6,28.2,10.9
SWEENY ISD,3,1851,10.4,27.2,56.9,0.2,0.2,0,5,47.9,2.9,9.6,2.8,28,3.7
COLUMBIA-BRAZORIA ISD,5,2911,7.4,27.3,61.2,0.2,0.4,0,3.5,62.5,8.4,15,7.4,31,5.4
PEARLAND ISD,22,20930,14.6,37.4,32.3,0.2,11.4,0.1,3.9,32.9,11.3,10.4,13.1,21.8,11.3
DAMON ISD,1,116,0,62.1,31.9,0,0.9,1.7,3.4,87.9,13.8,18.1,12.9,0,2.6
BRAZOS SCHOOL FOR INQUIRY & CREATIVITY,2,330,30.6,62.1,5.8,0.3,0,0,1.2,99.7,32.1,8.2,31.8,0,0
ARROW ACADEMY,4,609,66.3,25.1,3.4,0.5,0.3,0,4.3,76.5,11.8,9.9,10.8,0,0.8
COLLEGE STATION ISD,20,14138,14.6,23.8,51.1,0.4,6.6,0.2,3.3,37.7,9.5,13.5,12,33.9,10.7
BRYAN ISD,25,16005,18,59.9,19.1,0.2,0.3,0.1,2.4,79.3,28.4,14.2,30.2,28.4,8.4
TERLINGUA CSD,1,111,0,76.6,20.7,0.9,0,0,1.8,80.2,47.7,11.7,47.7,22.5,7.2
ALPINE ISD,3,970,1.1,62.9,33.6,0.3,1.2,0.1,0.7,57.5,7.2,13.1,7.5,24.9,2.8
MARATHON ISD,1,57,0,68.4,29.8,0,1.8,0,0,70.2,0,3.5,0,21.1,8.8
SAN VICENTE ISD,1,9,0,33.3,66.7,0,0,0,0,0,0,22.2,0,0,11.1
SILVERTON ISD,1,187,0,40.1,56.7,1.1,0.5,0,1.6,46,6.4,9.6,5.9,28.3,9.1
BROOKS COUNTY ISD,5,1340,0.1,97.4,2.2,0.1,0.2,0,0,92.8,2.4,14.6,2.2,31,2.7
BANGS ISD,3,869,2.1,25.5,69.4,0.2,0.6,0.1,2.1,65.1,1.6,9.9,1.4,24.2,4.8
BROWNWOOD ISD,7,3448,4.8,43.3,47,0.3,0.5,0.1,4.1,64.2,3.4,13.6,3.4,28.3,7
BLANKET ISD,1,147,0,36.7,62.6,0,0,0,0.7,59.9,2,14.3,2,31.3,0
MAY ISD,2,227,0.9,22.5,72.7,0,0,0,4,50.7,5.3,14.5,5.3,45.8,11
ZEPHYR ISD,1,212,0.5,10.8,83.5,0.5,0,0,4.7,56.6,0.9,12.7,0.9,17,5.7
BROOKESMITH ISD,5,191,7.9,24.1,64.9,0.5,0,0,2.6,69.1,1,23,2.1,22,1.6
EARLY ISD,4,1136,1.8,25.4,67,0.2,1.9,0,3.6,41.2,1.7,9.4,1.7,27.8,5.5
CALDWELL ISD,4,1833,7.7,38.1,49.2,0.3,0.4,0.1,4.1,58.3,12.8,9.2,12.5,30.8,4.1
SOMERVILLE ISD,3,541,17.9,35.1,39.4,0,0.7,0,6.8,72.6,9.4,11.3,11.1,32,2.6
SNOOK ISD,2,529,20.2,32.1,44.8,0.4,0,0,2.5,72.2,14.9,11.7,14.9,32.5,4.3
BURNET CISD,6,3262,1,31.9,63.9,0.5,0.6,0,2,52.9,9.3,15.8,9.2,23.1,3.4
MARBLE FALLS ISD,7,3995,1.7,49.5,44.9,0.4,1.1,0.2,2.3,67.6,22.2,14.5,22,28.5,6.7
LOCKHART ISD,9,6117,2.5,79.1,16.4,0.3,0.3,0,1.4,77.5,32.9,11.9,31.8,27.7,5.2
LULING ISD,3,1425,6.7,68.7,22.3,0.1,0.1,0.3,1.8,73.3,14.3,14.1,14,23.5,6
PRAIRIE LEA ISD,1,235,5.5,66,24.3,0.4,0,0,3.8,79.1,13.2,12.8,12.8,19.1,4.7
CALHOUN COUNTY ISD,7,3561,1.5,67.8,24.2,0.1,5.6,0,0.8,64.2,13.8,10.9,13.7,26.8,6.7
CROSS PLAINS ISD,2,378,0,18.3,81,0.5,0,0,0.3,68,2.4,14,2.4,30.2,6.1
CLYDE CISD,4,1431,1,15.6,78.8,0.2,0,0.1,4.4,44,0.8,12.5,0.8,26.9,5.1
BAIRD ISD,2,293,0.7,22.5,75.1,0,0,0,1.7,54.6,0,17.1,0,29,8.9
EULA ISD,3,462,0.4,18.2,77.7,0.2,0.4,0.4,2.6,42.2,0.6,16.5,0.6,22.7,6.5
BROWNSVILLE ISD,52,38412,0.1,98.5,1.1,0,0.2,0,0,89.5,38,15,37.5,29.2,10.6
HARLINGEN CISD,29,17022,0.4,93.8,4.9,0.1,0.3,0,0.5,77,15.2,11.7,18.5,24.9,6.9
LA FERIA ISD,7,2908,0.2,96.6,2.6,0.3,0.1,0,0.2,85.8,14.9,13.2,14.3,34.6,5.4
LOS FRESNOS CISD,15,10333,0.1,96.7,2.9,0,0.2,0,0.1,79.9,22,14,20.7,45.2,7.1
POINT ISABEL ISD,5,1968,0.3,92.2,6.4,0.3,0.4,0,0.5,88.9,39.9,10.5,37.5,32.6,5.7
RIO HONDO ISD,4,1602,0.3,96.2,3.4,0,0,0,0.1,87.6,11.9,14.7,10.9,40.3,6
SAN BENITO CISD,21,9201,0.1,98.9,0.9,0,0,0,0.1,88.7,25.8,11.5,24.8,36.6,4
SANTA MARIA ISD,4,543,0.2,99.1,0.4,0,0,0,0.4,99.6,39.8,8.3,37.9,18.2,10.7
SANTA ROSA ISD,3,848,0,99.3,0.6,0,0,0,0.1,89.9,19.9,16.4,18.9,29,3.9
SOUTH TEXAS ISD,6,4251,1,81,9.6,0.2,7.5,0,0.7,51.9,11,3.9,10.8,82.8,16.1
PITTSBURG ISD,5,2352,15.8,44.1,35.2,0.1,0.7,0.1,4,78.4,19.4,11.1,18.8,28.7,4.2
GROOM ISD,1,143,0,11.2,88.1,0,0,0,0.7,25.2,1.4,21,1.4,35.7,2.1
PANHANDLE ISD,3,663,0.9,11.9,82.8,0.8,0.5,0,3.2,30.5,1.7,12.5,1.7,26.8,8.7
WHITE DEER ISD,2,339,0.3,17.4,80.8,0.6,0,0,0.9,48.7,3.2,12.1,2.9,26.5,6.5
ATLANTA ISD,4,1906,29.4,9.5,53.8,0.4,0.5,0.1,6.2,67.8,2.2,12.8,2.2,36.8,9.1
AVINGER ISD,1,137,17.5,5.8,69.3,2.2,0.7,0,4.4,78.8,1.5,9.5,1.5,35.8,1.5
HUGHES SPRINGS ISD,3,1146,10.1,12.3,73.6,0.2,1,0,2.8,54.5,5.1,14.1,4.8,28.5,5.1
LINDEN-KILDARE CISD,3,638,15.4,9.7,65.8,0.5,0.9,0,7.7,68.7,5.8,14.7,5.8,22.9,7.5
MCLEOD ISD,3,399,1.3,2.8,92.2,0.5,0,0,3.3,54.9,0,12.8,0,29.1,11
QUEEN CITY ISD,3,933,13.6,4.7,75.1,1.2,0.3,0.2,4.8,63.5,0.3,16.3,0.3,34,7
BLOOMBURG ISD,1,240,3.3,5.8,88.8,0,1.3,0,0.8,79.6,2.1,11.7,2.1,31.3,0.8
DIMMITT ISD,3,1153,1,91.4,7.1,0,0.4,0,0.1,87.2,24.8,8.2,22.7,25.1,5.3
HART ISD,1,209,0,94.7,4.8,0,0,0,0.5,86.1,25.8,12.4,26.8,23.9,2.9
NAZARETH ISD,1,250,0.4,9.2,86.8,0.8,0,0,2.8,19.2,0.4,7.2,0.8,33.2,4.8
ANAHUAC ISD,3,1389,9.2,35.6,47.7,0.2,2.1,0,5.2,56.8,7.5,12.3,7.5,31,5.8
BARBERS HILL ISD,9,6796,3.7,27.9,63.3,0.3,1.4,0,3.3,26.5,4.3,10.6,4.2,21.1,6.7
EAST CHAMBERS ISD,4,1540,6.8,47.8,42,0.1,0.6,0.1,2.7,64.5,27.9,11.9,27.3,31.3,5.3
ALTO ISD,3,556,21,37.8,33.8,0,0.5,0,6.8,75.2,20.7,17.6,19.8,28.1,5
JACKSONVILLE ISD,8,4735,15.6,53.7,26.5,0.5,0.6,0.1,3.1,82.8,32.8,13.6,36.3,28.4,8.7
RUSK ISD,5,2001,12.8,19.3,62.6,0.1,0.2,0,5,70.9,7.9,12.7,7.7,31.3,5.2
NEW SUMMERFIELD ISD,1,538,2.4,84.9,11.7,0.2,0.6,0,0.2,86.8,48.3,9.5,41.8,34.4,2.8
WELLS ISD,1,258,8.5,8.5,76.7,0,0,0,6.2,68.6,4.3,19,4.3,28.7,5.8
CHILDRESS ISD,3,1013,3.8,37.7,52.6,0.3,1.8,0.1,3.8,53.7,3.5,14,3.5,23.5,5.5
HENRIETTA ISD,3,942,0.4,9.3,86.3,0.8,0.3,0,2.8,30.8,0.4,17,0.4,36.3,6.3
PETROLIA CISD,2,461,1.5,11.5,80.7,1.5,0,0,4.8,46.2,0.9,14.5,0.4,38,4.6
BELLEVUE ISD,1,151,0,4,92.7,1.3,0,0,2,54.3,1.3,13.9,1.3,32.5,1.3
MIDWAY ISD,1,131,0,6.1,93.9,0,0,0,0,63.4,3.1,23.7,3.1,34.4,7.6
MORTON ISD,1,360,0.6,89.2,8.9,0.6,0,0,0.8,80.3,22.5,12.8,22.5,24.4,5.3
WHITEFACE CISD,1,313,0,53.4,43.5,1.3,0,0,1.9,57.2,10.5,12.1,10.5,28.1,1.6
BRONTE ISD,1,238,0,22.7,76.1,0,0,0,1.3,50,1.7,14.3,0.8,34.5,10.5
ROBERT LEE ISD,6,262,0.4,43.5,53.8,0,0,0,2.3,62.2,1.1,13,1.1,38.2,2.3
COLEMAN ISD,3,800,1.6,26.3,67.8,0.1,1,0,3.3,59.6,2,16.4,1.9,26.8,2.1
SANTA ANNA ISD,2,253,4,22.9,67.2,0.8,0,0,5.1,100,0.4,7.9,0.4,37.9,8.7
PANTHER CREEK CISD,1,165,1.8,16.4,78.2,0,0,0,3.6,73.9,0.6,26.1,0.6,35.2,7.3
IMAGINE INTERNATIONAL ACADEMY OF NORTH TEXAS,1,1386,16.3,13.1,21.2,0.4,43.9,0.1,5,9,10.1,5.3,9.1,0.4,0
LONE STAR LANGUAGE ACADEMY,1,146,11,7.5,33.6,0,47.3,0,0.7,2.1,9.6,5.5,8.9,0,0
ALLEN ISD,24,21420,13,15.2,41,0.5,24.4,0.3,5.7,16.8,9.5,13.4,9.4,27.7,14.5
ANNA ISD,8,4436,16.5,33.8,42.3,0.3,1.5,0.1,5.5,50.5,13.2,14.2,13.1,35.9,4.8
CELINA ISD,5,3351,4.6,24.5,61.7,0.7,2.5,0.1,5.8,14.6,8.1,11.5,8,27.5,5.2
FARMERSVILLE ISD,4,2018,4.5,42.6,48.3,0.3,0.8,0,3.5,53.4,14.7,13.5,14,41.4,4.9
FRISCO ISD,72,65617,11.2,12.9,33.8,0.6,36.8,0.1,4.8,12.8,8.9,10.1,8.7,23.3,12.8
MCKINNEY ISD,32,23238,15.2,29,45.1,0.4,5.4,0.2,4.8,31.3,13,13.6,13.3,21.5,11.1
MELISSA ISD,6,4859,13.8,19.8,55.5,0.6,4.5,0.2,5.7,14.8,7,13.2,6.7,33.4,6.1
PLANO ISD,74,49241,13.5,27.5,30.6,0.3,23.4,0.1,4.6,34.6,20.7,12.4,20.3,23.5,16.6
PRINCETON ISD,10,6765,15.7,45.1,31.9,0.6,2.2,0.2,4.2,50.9,19.8,14.2,18.3,22.2,5.5
PROSPER ISD,21,21700,9.5,13.3,53,0.2,16.1,0.1,7.7,8.4,6.9,10.9,7.3,23.1,9.7
WYLIE ISD,21,18155,15.5,22.6,44.4,0.4,12.4,0.1,4.6,28.1,12.9,12.2,14.5,22.3,11.5
BLUE RIDGE ISD,3,958,0.6,31,63.7,0.4,0.2,0,4.1,41.6,8.1,13.3,8.1,34.6,6.8
COMMUNITY ISD,6,3335,9.8,39.8,45.2,0.5,1.4,0.1,3.1,49.9,22.5,12.1,22.8,22,6
LOVEJOY ISD,5,4335,3.2,9.2,72,0.6,9.9,0,5,4.3,1.2,8.9,1.1,38.2,18.5
WELLINGTON ISD,3,542,4.2,45.8,48.9,0,0,0,1.1,56.6,7.7,12.2,7.7,24,1.7
COLUMBUS ISD,4,1555,10,45.7,41.1,0.1,0.8,0.1,2.4,55.2,15.6,13.6,15.2,42.9,2.9
RICE CISD,7,1272,14.6,60.5,21.7,0,0.6,0,2.7,75.4,9,11.8,9,23,4.8
WEIMAR ISD,3,684,10.2,44.3,43.3,0.4,0,0,1.8,55.8,17.7,12.1,17.7,24.3,4.2
TRINITY CHARTER SCHOOL,12,347,15.6,33.7,48.1,0.6,0.6,0,1.4,100,5.5,38.3,5.2,19.6,0
NEW BRAUNFELS ISD,15,9638,1.9,47.3,46.3,0.3,1,0.2,3.2,36.5,9.1,11.2,11.2,22.7,7.9
COMAL ISD,35,27190,2.7,39.9,51.7,0.2,1.5,0.2,3.8,29.8,5.5,13.2,5.6,23.8,10.9
COMANCHE ISD,4,1303,0.2,52.9,45,0.4,0.5,0,1.1,61.1,15.3,11.9,15.3,30.8,5
DE LEON ISD,3,740,0.5,37.7,59.5,0.1,0.4,0,1.8,54.2,6.2,12.2,6.2,35.4,7.8
GUSTINE ISD,1,145,0.7,63.4,35.9,0,0,0,0,72.4,34.5,12.4,33.8,39.3,2.1
SIDNEY ISD,1,128,0,28.1,71.9,0,0,0,0,63.3,0,12.5,0,29.7,9.4
EDEN CISD,3,222,0.5,65.3,32.4,0,0.9,0,0.9,62.6,5.4,22.1,5.4,33.3,0.9
PAINT ROCK ISD,5,225,0.4,52,44.9,0,0.9,0,1.8,68.9,5.8,19.1,7.1,32,5.8
GAINESVILLE ISD,5,3138,5.8,59.7,27.9,0.5,1,0,5.1,62.7,28.2,10.5,27.2,22.4,5
MUENSTER ISD,2,523,0.2,5.2,90.6,0.2,0.6,0,3.3,16.8,1,10.3,1,32.5,3.1
VALLEY VIEW ISD,3,941,0.5,34.5,61.4,0.3,0.4,0.1,2.7,52.4,15.6,12.5,21.3,23.4,5.6
CALLISBURG ISD,4,1140,1.4,15.1,80.4,0.4,0.2,0,2.6,35.5,2.9,15.8,3.1,27.2,4.6
ERA ISD,1,493,0.2,12.6,83,0.2,0.4,0,3.7,33.5,1.8,12.2,1.8,38.1,7.5
LINDSAY ISD,2,482,0.2,3.3,92.9,1,1.2,0.2,1,14.7,0.2,13.9,0,40.2,7.9
WALNUT BEND ISD,1,56,0,25,75,0,0,0,0,89.3,7.1,3.6,7.1,0,0
SIVELLS BEND ISD,1,63,0,9.5,85.7,1.6,0,0,3.2,74.6,0,9.5,0,0,7.9
EVANT ISD,2,213,0.5,32.9,63.4,0,0,0,3.3,63.8,12.7,13.1,12.7,22.1,8.9
GATESVILLE ISD,5,2689,2.4,24,67.9,0.4,0.7,0.3,4.3,58.5,4.9,13.2,4.9,25.1,8.7
OGLESBY ISD,1,198,1,24.2,70.2,0,0,0,4.5,57.1,5.1,10.1,5.1,29.8,2
JONESBORO ISD,1,338,0.9,9.8,86.4,0,0,0,3,45.3,0,10.1,0,31.7,0.6
COPPERAS COVE ISD,11,8102,18.4,29.3,36.8,0.5,1.3,2.7,11,63.2,5.7,14.8,5.7,31.4,5.3
PADUCAH ISD,1,161,11.8,46.6,39.1,0.6,0,0,1.9,72,0,18,0,43.5,8.7
CRANE ISD,3,1151,1.5,82.2,15.6,0.2,0.4,0,0.2,42.1,21.7,8.7,20.7,21.1,6.7
CROCKETT COUNTY CONSOLIDATED CSD,3,729,0.5,74.1,23.7,0.3,0.7,0,0.7,65.8,15.9,9.5,16,30.5,6.6
CROSBYTON CISD,3,329,2.1,73.9,22.5,0,0.3,0,1.2,77.8,1.5,12.8,1.5,16.4,3.3
LORENZO ISD,1,237,5.1,77.2,16.9,0,0,0,0.8,81.9,8.4,12.2,8.4,42.2,1.7
RALLS ISD,4,484,0.8,76,21.5,1,0,0,0.6,83.3,2.9,12.6,2.9,32,1.9
CULBERSON COUNTY-ALLAMOORE ISD,1,360,0.6,84.2,11.4,0.8,1.7,0.3,1.1,81.7,6.1,10.8,5.6,19.7,5.8
DALHART ISD,4,1717,0.8,68.1,29.8,0.3,0.2,0.1,0.8,67.1,29.5,8.7,29.5,29.7,3.7
TEXLINE ISD,1,213,0,46,51.6,0.5,0,0,1.9,57.7,19.7,11.7,19.7,28.6,6.6
PEGASUS SCHOOL OF LIBERAL ARTS AND SCIENCES,1,486,33.7,57.6,3.7,0.8,0,0,4.1,87.9,25.9,13,25.5,0.6,0
UPLIFT EDUCATION,43,22183,21.4,67.4,3.1,0.2,6,0,1.9,72.9,32.9,7.9,32.4,26.3,0
TEXANS CAN ACADEMIES,13,5037,29.6,66.1,2.1,0.2,0.3,0,1.8,92.1,31.4,9.7,28,29.5,0
LUMIN EDUCATION,1,250,6.8,73.6,15.6,0,1.2,0,2.8,70,42.4,9.2,40.8,0,0
ADVANTAGE ACADEMY,1,1138,34.2,54.4,8.7,0.2,1.2,0,1.3,85,23,7.7,20.8,29.8,2.5
LIFE SCHOOL,8,5558,46.3,39.6,10.7,0.1,0.2,0,3,65.3,10.1,12.1,9.9,24.9,5.1
UNIVERSAL ACADEMY,2,2055,18.2,24.9,2.1,0.3,53.4,0,1.1,30.5,48.9,3.4,47.9,4.9,5.7
NOVA ACADEMY,1,124,74.2,21.8,2.4,0,0,0,1.6,98.4,11.3,0.8,10.5,0,0
ACADEMY OF DALLAS,1,245,78.8,18.8,0,0,0,0,2.4,99.2,9,2.9,8.2,0,0
TRINITY BASIN PREPARATORY,3,4211,10.2,85,1.5,0.3,2.4,0,0.5,91.1,56.4,10.4,55.2,0.4,0
ACADEMY FOR ACADEMIC EXCELLENCE,4,297,47.8,43.4,5.7,0.3,0.7,0.3,1.7,100,17.2,27.9,16.8,20.2,0
A W BROWN LEADERSHIP ACADEMY,2,1067,92.7,4.2,0.2,0,0.5,0,2.4,85.8,0.7,5.4,0.7,0.4,0
JEAN MASSIEU ACADEMY,1,202,10.9,82.7,4,0.5,0,0,2,80.2,53,5.9,52,16.8,0
NOVA ACADEMY SOUTHEAST,2,535,41.9,55,1.5,0.4,0,0,1.3,93.5,30.5,5.2,28.4,0.2,0
WINFREE ACADEMY CHARTER SCHOOLS,6,1068,24.9,49,19.7,0.5,1.7,0.4,3.9,59,16.8,11.4,14.5,56.7,0
A+ ACADEMY,2,1551,3.3,93.8,1.9,0,0.4,0,0.6,92.7,51.1,9.5,49.9,32.5,4.4
INSPIRED VISION ACADEMY,2,1271,4.4,93.8,1.5,0.1,0,0,0.2,95.6,52.3,9.8,51.2,29.7,2.3
GATEWAY CHARTER ACADEMY,2,654,96.5,2.8,0.2,0.3,0,0,0.3,74.5,0,4.7,0,15.9,0.6
EDUCATION CENTER INTERNATIONAL ACADEMY,3,501,19.8,29.7,41.7,0.2,5.4,0.6,2.6,52.9,7.2,10.6,7,0.6,1
EVOLUTION ACADEMY CHARTER SCHOOL,3,669,50.1,39.6,6.6,0.3,1,0,2.4,67.3,8.4,7.9,8.4,63.2,0
GOLDEN RULE CHARTER SCHOOL,6,1557,5.3,93.1,0.8,0.3,0.3,0,0.2,100,58,7.5,50.2,7.2,1.4
ST ANTHONY SCHOOL,2,316,95.9,2.2,0,0,0,0,1.9,92.7,0,0,0,0.3,4.7
LA ACADEMIA DE ESTRELLAS,2,985,0.2,98.6,0.8,0.1,0.3,0,0,89.2,69.6,11.8,68.6,0,2.9
RICHLAND COLLEGIATE HIGH SCHOOL,1,336,26.2,16.1,21.1,0.6,32.1,0,3.9,3,9.2,0,7.1,69,0
CITYSCAPE SCHOOLS,2,1256,14.7,81.9,2.3,0.2,0.1,0,0.8,91.6,57.6,9.3,55.7,0.1,0
MANARA ACADEMY,3,541,30.7,6.5,31.6,0.9,27.7,0.2,2.4,61.2,44.5,6.8,44,7,0.6
UME PREPARATORY ACADEMY,3,1365,12.8,53.3,28.7,0.4,1.7,0,3.1,43,9.2,6.2,7.7,12.9,0
LEGACY PREPARATORY,2,1464,18.6,69.9,7.4,1.2,0.4,0.2,2.2,79.9,41.7,8.1,39.8,23.2,4.7
VILLAGE TECH SCHOOLS,1,1232,39.7,38.7,15,0.2,0.6,0,5.8,46.5,3,7.8,1.7,10.6,0
INTERNATIONAL LEADERSHIP OF TEXAS (ILTEXAS),33,20535,28.3,53.1,10.3,0.3,4.6,0.1,3.3,61.5,33,6.4,69.6,16.6,5.5
PIONEER TECHNOLOGY & ARTS ACADEMY,6,2226,13.8,44.2,36,0.1,1.6,0.2,4.1,56.5,17.9,7.4,17.8,37.8,5.1
BRIDGEWAY PREPARATORY ACADEMY,1,96,36.5,44.8,12.5,0,6.3,0,0,61.5,34.4,19.8,32.3,0,0
CARROLLTON-FARMERS BRANCH ISD,39,24888,18.2,55.4,11.1,0.4,11.4,0.1,3.4,63.6,35.1,13.9,35.8,22.6,9.7
CEDAR HILL ISD,12,7112,65.8,26.3,2.6,0.3,1,0.1,4,65.7,8.1,8,8.4,36.9,5.5
DALLAS ISD,237,143430,20.9,70.1,6,0.5,1.2,0.1,1.2,85.1,47.6,10,46,22.9,17.2
DESOTO ISD,10,7339,73,21.8,1.6,0.4,0.3,0,2.9,72.1,8.9,9.7,8.6,37.9,5.4
DUNCANVILLE ISD,18,11944,40,54.8,2.2,0.2,1,0,1.9,77.9,22.8,10.1,21.2,40.9,4.4
GARLAND ISD,70,52960,18.3,52.3,15.6,1.4,9.4,0.1,2.9,74.1,36.7,10.2,35.1,29.7,8.1
GRAND PRAIRIE ISD,39,27284,17.7,67.9,8.4,0.4,3.3,0.1,2.3,74.3,34,9.6,34.8,27,6.5
HIGHLAND PARK ISD,8,6666,0.8,6.4,81.8,0.4,7.2,0.1,3.3,0.2,1.1,10.2,1,27.6,15.4
IRVING ISD,37,32339,13,71.4,8.6,2.4,3.2,0.2,1.2,86.3,48.6,8.3,50.7,25.4,14
LANCASTER ISD,9,6978,73.2,22.4,1.2,0.5,0.2,0.1,2.2,83.2,10,9.1,9.8,29.3,8.4
MESQUITE ISD,50,38311,25.1,60.7,10,0.7,1.2,0.1,2.2,79.7,31,12.6,29.7,29.5,7.1
RICHARDSON ISD,55,37358,22.4,37.3,30,0.3,6.9,0.1,3,55.9,28,13.2,27.9,24.1,9.7
SUNNYVALE ISD,4,2104,9.6,15.5,47.3,0.3,23.1,0.1,4.1,16.2,8.1,13.6,7,36.1,11
COPPELL ISD,16,13107,4.2,13.3,24.6,0.3,54.3,0.1,3.3,8.9,15.7,8.6,17,23.6,13.1
DAWSON ISD,1,149,0.7,70.5,25.5,0,0,0,3.4,72.5,16.1,7.4,16.1,34.2,6.7
KLONDIKE ISD,1,259,0,37.1,60.6,0.8,0,0,1.5,22.4,5.8,7.7,5.8,20.5,3.1
LAMESA ISD,1,1602,3.3,82.5,12.7,0.1,0.8,0,0.6,84,4.8,13.5,4.7,31.2,6
SANDS CISD,1,246,0,44.7,51.6,1.6,0.4,0,1.6,63,12.6,10.6,12.6,29.3,11.4
HEREFORD ISD,8,3953,0.6,90.5,8.1,0.2,0.2,0.1,0.4,78.1,23.9,11.4,22.7,27.1,2.9
WALCOTT ISD,1,152,0,81.6,18.4,0,0,0,0,55.9,11.2,13.8,9.9,0,0.7
COOPER ISD,3,847,7.7,15.8,69.3,1.2,0.2,0,5.8,66.2,3.2,12,3.2,25.7,10.7
FANNINDEL ISD,2,148,37.2,14.9,39.2,0.7,0.7,0,7.4,89.2,7.4,24.3,7.4,41.9,3.4
NORTH TEXAS COLLEGIATE ACADEMY,3,695,20,54.7,21.6,0.1,1.3,0,2.3,97,42.4,10.9,42.2,0,0
LEADERSHIP PREP SCHOOL,2,1344,13.9,20.6,31.1,0.8,29.4,0,4.2,3.8,5.7,8.3,5.5,38.2,6.3
TRIVIUM ACADEMY,1,553,6.1,21.2,43.2,0,22.8,0.7,6,3.8,10.1,12.1,8,3.6,14.6
DENTON ISD,43,31771,20.3,33.9,38.2,0.4,3.4,0.2,3.7,49.3,16.7,12.7,17.7,30.9,9.7
LEWISVILLE ISD,62,49113,12,30.7,36.6,0.3,15.7,0.1,4.6,33.6,19.6,16.4,20.6,21.5,11.3
PILOT POINT ISD,4,1430,2.2,50.1,43.8,0.6,0.2,0,3.1,44.6,29.9,11.7,29.9,42.9,6.7
KRUM ISD,6,2217,2.3,32.6,60.3,0.5,0.8,0,3.6,32.8,14,15.7,15.3,29.5,5.1
PONDER ISD,3,1574,1.4,32.5,62,0.6,0.5,0,2.9,36.5,13.2,10.9,13.2,32.9,9.6
AUBREY ISD,5,3101,14.1,23.6,57,0.3,0.6,0.1,4.4,32.3,6.4,11.9,6.1,23.7,5.5
SANGER ISD,7,2746,3.9,31.1,59.3,0.5,0.6,0.3,4.3,48.9,9.5,14.1,9.5,31.1,4.9
ARGYLE ISD,5,4314,2.2,15.2,73.7,0.4,4,0.2,4.3,5.8,3.8,10.1,3.7,24.2,8
NORTHWEST ISD,32,27479,11.2,24,55.9,0.5,5.6,0.3,2.5,23.7,7.9,12.7,7.7,35.8,10.1
LAKE DALLAS ISD,5,3999,8.7,34.3,47.5,0.8,3,0.1,5.7,44.1,11.8,12.4,11.6,31.5,8
LITTLE ELM ISD,9,8245,18.1,38.3,33.6,0.3,4.1,0.2,5.3,45.5,20,10.3,23,29.2,6.8
CUERO ISD,4,1920,9.8,49.3,38.2,0.1,0.5,0.1,2,63.2,3.9,16.6,3.7,27.9,4.8
NORDHEIM ISD,1,148,2.7,47.3,50,0,0,0,0,60.1,0,10.1,0,14.2,2
YOAKUM ISD,5,1496,6.1,66.4,25.4,0,0.1,0,1.9,73.3,18.3,16.8,18.4,26.3,3.5
YORKTOWN ISD,3,535,2.6,47.7,48,0.4,0,0,1.3,59.6,1.9,10.3,1.9,27.7,7.9
WESTHOFF ISD,1,71,4.2,26.8,69,0,0,0,0,52.1,4.2,2.8,1.4,1.4,0
MEYERSVILLE ISD,1,144,0.7,18.1,81.3,0,0,0,0,37.5,0.7,6.9,0.7,0,7.6
SPUR ISD,1,221,0.5,37.6,55.2,0,0,0,6.8,54.8,0,19,0,37.1,5
PATTON SPRINGS ISD,1,86,1.2,39.5,59.3,0,0,0,0,80.2,3.5,23.3,3.5,29.1,9.3
CARRIZO SPRINGS CISD,4,1920,0.6,94.9,3.7,0,0.3,0,0.5,77.4,5.4,9.3,4.5,26,6.9
CLARENDON ISD,3,456,6.8,13.2,74.6,0,0,0.2,5.3,46.5,0.2,15.1,0.2,28.3,10.7
HEDLEY ISD,1,124,0,29,66.1,0,0,0,4.8,84.7,1.6,24.2,1.6,37.9,0.8
RAMIREZ CSD,1,26,0,100,0,0,0,0,0,96.2,23.1,11.5,23.1,0,0
BENAVIDES ISD,2,233,0,99.6,0.4,0,0,0,0,89.3,2.6,12.4,2.6,37.8,4.3
SAN DIEGO ISD,3,1453,0,98.3,1.4,0,0.1,0,0.1,87.5,1.2,13.6,1,27.5,5.4
FREER ISD,3,760,0.3,93.3,6.1,0.1,0.1,0,0.1,79.9,2.9,12.6,2.5,27,8
CISCO ISD,4,812,0.7,18.8,76.8,1,1,0,1.6,60,1.5,14.4,1.7,25.2,7.5
EASTLAND ISD,3,1078,1.3,29.1,66.4,0,1.1,0.2,1.9,58.2,7.7,11.9,7.2,34.3,6.6
GORMAN ISD,3,265,0.8,38.1,58.1,0,0.4,0,2.6,65.7,7.5,14.3,7.2,31.3,4.5
RANGER ISD,3,333,2.7,25.5,69.7,0.9,0,0,1.2,76.9,4.2,18.6,4.2,26.4,4.8
RISING STAR ISD,2,191,1.6,19.9,77,0,0.5,0,1,61.8,3.7,14.1,5.8,35.1,1
COMPASS ACADEMY CHARTER SCHOOL,1,1371,1.9,34.6,61.1,0.2,0.4,0.1,1.5,8.5,0.1,9.6,0.1,2.4,0.6
UTPB STEM ACADEMY,1,763,1,50.2,44.3,0.4,1,0.3,2.8,24.5,3.9,6,4.6,50.9,5.5
ECTOR COUNTY ISD,44,31762,3.7,78.9,14.7,0.2,0.9,0.3,1.4,62.1,22.5,9.9,22.5,20.7,9.1
ROCKSPRINGS ISD,1,257,0,77.4,22.2,0,0,0,0.4,68.1,6.6,12.1,6.2,24.9,3.1
NUECES CANYON CISD,2,254,0.4,40.6,57.5,0.4,0,0,1.2,65.7,1.6,14.2,1.6,31.9,8.7
WAXAHACHIE FAITH FAMILY ACADEMY,2,2582,24,70.6,3.5,0.2,0.6,0,1.2,98.9,56.9,9.5,57.5,14.6,2.7
AVALON ISD,1,339,1.2,40.7,56,0,0.3,0.3,1.5,51,3.8,13.3,3.8,11.2,5.6
ENNIS ISD,10,5999,13.1,56.6,27.5,0.2,0.4,0.5,1.8,100,16.2,11.8,16.1,26.8,7.6
FERRIS ISD,5,2625,6.5,73.7,17.7,0.2,0.4,0.1,1.4,81.4,34.8,14.3,33.2,30.7,5.1
ITALY ISD,2,647,10.7,32.3,53.6,0.3,0,0,3.1,64.9,10.5,16.5,10.5,37.6,2.3
MIDLOTHIAN ISD,13,10391,10.7,23.5,59.3,0.4,0.9,0.1,5.1,28.1,4.2,13.4,4.2,27.4,5.5
MILFORD ISD,1,238,17.2,41.6,36.1,0,0,0,5,73.1,19.3,13.9,19.3,31.1,6.3
PALMER ISD,3,1252,1.9,45.6,49.2,0.2,0.5,0,2.6,52.9,14.1,18.1,13.7,19.1,4.2
RED OAK ISD,7,6287,30.5,40.1,24.5,0.3,1,0.1,3.6,51.8,13.5,12.7,12.2,28.9,6.9
WAXAHACHIE ISD,17,10065,15.4,34.6,44.8,0.6,0.6,0.2,3.7,46.6,9.1,16,9.1,27.9,8.2
MAYPEARL ISD,4,1176,1.6,23,72.8,0.1,0.3,0.1,2.1,39.5,7.3,10.1,7.3,39.9,5.1
BURNHAM WOOD CHARTER SCHOOL DISTRICT,3,1376,1.1,88.7,8.3,0.2,0.4,0,1.2,48.6,46,3.1,53.6,25.3,0
TRIUMPH PUBLIC HIGH SCHOOLS-EL PASO,2,198,2.5,95.5,2,0,0,0,0,92.4,24.7,7.6,22.7,66.7,0
EL PASO ACADEMY,2,272,0.4,96.3,2.6,0.4,0.4,0,0,71.3,15.8,9.6,14,45.6,0
HARMONY PUBLIC SCHOOLS - WEST TEXAS,6,4569,6.1,82.1,9,0.1,1.2,0,1.4,71.7,27.5,8.1,25.9,21.1,8.4
LA FE PREPARATORY SCHOOL,1,190,0,98.9,1.1,0,0,0,0,97.9,90,5.8,96.3,0,0
VISTA DEL FUTURO CHARTER SCHOOL,1,340,2.6,87.4,7.1,0.6,1.2,0,1.2,56.8,42.6,3.8,32.4,0,0
EL PASO LEADERSHIP ACADEMY,3,266,1.1,95.5,2.3,0,0,0,1.1,86.5,70.3,10.9,62.4,7.5,4.9
CLINT ISD,14,10455,0.3,94.9,3.8,0.3,0.1,0.1,0.5,86.8,41.3,11.9,36.2,26.2,4.5
EL PASO ISD,79,50709,3.4,83.8,9,0.2,1.3,0.4,2.1,73.5,34.7,11.3,40.8,32.1,12.4
FABENS ISD,4,1983,0,99.3,0.7,0,0,0,0,90.7,50.5,13,42.4,23.1,3.7
SAN ELIZARIO ISD,6,3190,0.2,99.2,0.6,0,0,0,0,90.9,59,13.4,50.9,32.6,6.2
YSLETA ISD,54,37211,1.4,95,2.8,0.1,0.3,0.1,0.3,78.8,31,14.4,30.1,29.2,6.5
ANTHONY ISD,3,798,0.5,96,2.8,0,0.1,0.1,0.5,70.3,27.8,12.7,22.6,8.9,9.6
CANUTILLO ISD,10,6076,1,93,4.7,0.1,0.5,0,0.7,61,32.8,10.2,35.5,29.8,10.3
TORNILLO ISD,4,887,0,99.7,0.2,0.1,0,0,0,94.1,60.7,8.3,44.1,27.1,7.2
SOCORRO ISD,50,47137,2.1,92,4.2,0.1,0.5,0.2,0.8,70.2,27.4,11.8,28,39.1,5.7
PREMIER HIGH SCHOOLS,40,6822,13,52.7,30.2,0.3,0.7,0.1,3,60.1,10,13.2,9.3,44.9,0
ERATH EXCELS ACADEMY INC,2,94,1.1,50,44.7,2.1,0,0,2.1,88.3,7.4,9.6,7.4,57.4,0
THREE WAY ISD,1,236,0,43.2,52.5,0.4,0.4,0,3.4,73.3,14.8,4.2,15.3,34.7,1.7
DUBLIN ISD,3,1087,0.6,60.1,37.3,0.3,0.2,0.1,1.6,68.1,19.6,7.9,19.6,28.6,8.2
STEPHENVILLE ISD,6,3688,1.2,37.1,56.9,0.3,1.2,0.1,3.1,49.8,14,13,13.3,31.1,7.6
BLUFF DALE ISD,1,227,0.4,8.8,84.1,2.6,0.4,0.4,3.1,27.3,0.4,11,0.4,22,7
HUCKABAY ISD,1,304,0,15.1,80.9,0.3,0,0,3.6,22.4,2,9.2,2,32.9,0.7
LINGLEVILLE ISD,1,284,1.8,44.4,51.8,0,0,0,2.1,44,20.1,10.6,20.1,32,12.3
MORGAN MILL ISD,1,118,0,11,83.1,0,0.8,0,5.1,50.8,0,5.1,0,16.9,11.9
CHILTON ISD,1,546,20,59.9,15.6,0.2,0.4,0.2,3.8,87.4,20.5,10.6,19.4,26.9,4.2
MARLIN ISD,3,882,54.9,36.8,5.7,0,0.3,0,2.3,99.2,16.3,10.1,16.3,22.2,2.4
WESTPHALIA ISD,1,155,1.3,6.5,88.4,0,0,0,3.9,18.7,3.9,14.2,1.3,0,7.7
ROSEBUD-LOTT ISD,3,716,8.9,37.7,47.6,0,0.1,0,5.6,65.4,7.3,12.2,6.7,27,6.6
BONHAM ISD,5,1885,5.6,30.8,55.6,0.9,0.5,0.1,6.4,70.4,16.7,15.8,16.4,30.6,5.7
DODD CITY ISD,1,328,0,10.4,85.1,0,0,0,4.6,34.1,2.4,12.5,2.4,31.7,3.7
ECTOR ISD,2,234,1.7,12.4,80.3,1.3,0.4,0,3.8,46.2,2.6,22.2,2.6,20.5,0.4
HONEY GROVE ISD,3,640,7.2,21.4,65.5,0.2,0.3,0,5.5,60.3,8.3,14.2,8.3,35.3,5.6
LEONARD ISD,4,825,1.5,20.7,70.2,1.1,0,0.1,6.4,45.3,6.3,12.7,6.2,2.7,5.9
SAVOY ISD,2,303,0.7,11.2,83.2,1,0,0,4,56.1,2.3,14.5,2.3,26.4,8.6
TRENTON ISD,3,725,1.2,26.9,68.4,1,0,0,2.5,23.4,12,10.9,12,27.7,6.8
SAM RAYBURN ISD,2,517,0.4,9.5,87.2,0.2,0,0,2.7,41.2,4.3,13.9,4.3,40.4,4.6
FLATONIA ISD,3,629,4.1,53.4,40.9,0,0.5,0,1.1,52,9.2,13,9.2,30,11.1
LA GRANGE ISD,3,1868,7.5,40.8,47.2,0.3,0.6,0,3.6,53.3,17.1,14.1,16.9,22.2,6.4
SCHULENBURG ISD,2,696,15.7,40.1,40.8,0.1,0.9,0,2.4,61.5,12.8,16.1,12.6,33.2,7.6
FAYETTEVILLE ISD,1,279,0.4,16.5,81,0,0,0,2.2,20.4,6.1,10,6.1,33.3,7.9
ROUND TOP-CARMINE ISD,2,240,2.9,24.2,69.6,0,0,0,3.3,34.6,10,8.8,10,25.8,3.3
ROBY CISD,1,329,0.6,29.8,68.1,0,0,0,1.5,53.8,2.7,14,2.7,40.1,4.9
ROTAN ISD,1,242,5.8,53.7,37.6,0.4,0.4,0,2.1,66.1,5.4,12.4,5.4,27.3,6.2
FLOYDADA COLLEGIATE ISD,4,686,3.6,77.8,17.6,0,0.1,0.1,0.6,76.2,7.7,8.2,7.3,31.9,3.2
LOCKNEY ISD,4,430,1.9,81.9,15.8,0,0.2,0.2,0,80.9,5.6,10.2,5.6,35.8,6.5
CROWELL ISD,1,192,2.1,39.6,53.1,0.5,0,0,4.7,72.9,1.6,19.3,1.6,23.4,4.7
LAMAR CISD,44,38877,21,41.8,25.9,0.2,7.6,0.2,3.3,49.5,17.5,13.6,17.1,24.2,8.4
NEEDVILLE ISD,4,3378,3,48.1,46.8,0.2,0.4,0.1,1.4,39.3,10,13.9,9.9,36,3.2
FORT BEND ISD,82,76543,27.8,26.6,14.7,0.4,26.7,0.1,3.7,47.8,18.5,11.2,18.1,25.8,6.4
STAFFORD MSD,5,3511,41.1,46.3,3.3,0.2,7.1,0.1,1.8,74.1,22.5,8.8,22.1,29.6,3.8
MOUNT VERNON ISD,3,1523,4.4,27.1,64,0.1,0.9,0,3.5,62.1,13.5,11.1,12.8,42.6,6.3
FAIRFIELD ISD,4,1681,12.4,28.6,52.3,0.5,0.9,0.2,5.1,61.3,6.5,9.9,6.4,32,3.3
TEAGUE ISD,4,1181,10.1,33.4,52.2,0,0.4,0,3.9,66.7,10.1,16,10,35.1,6.6
WORTHAM ISD,3,520,12.1,25.4,59.2,0,0,0.2,3.1,64.4,9.4,9.6,9.4,31.9,4.6
DEW ISD,1,133,5.3,15.8,74.4,0,1.5,0,3,65.4,4.5,9.8,4.5,5.3,0.8
DILLEY ISD,3,907,0.6,92.7,6.4,0.1,0.2,0,0,83.5,4.6,17.3,4.6,24.4,6.8
PEARSALL ISD,5,2031,0.4,94.3,4.8,0.1,0.3,0,0,85.8,7.3,13.1,6.5,25.8,3.4
SEAGRAVES ISD,1,516,4.5,84.9,9.3,0.8,0,0,0.6,77.7,26,7.2,25.4,26.9,6.4
LOOP ISD,1,150,0,36,62,0.7,0,0,1.3,47.3,10,8,10,37.3,2.7
SEMINOLE ISD,6,2957,0.8,55.4,42.3,0.2,0.4,0.2,0.7,55.9,17.3,12.5,17.1,27.2,3.5
ODYSSEY ACADEMY INC,2,1492,18.4,53.2,23.1,0.5,1.1,0.1,3.6,79.7,19.2,9.8,18.1,19.6,4.2
AMBASSADORS PREPARATORY ACADEMY,1,189,52.4,32.8,10.1,0.5,1.6,0,2.6,87.3,0,5.8,0,0,0.5
DICKINSON ISD,17,11901,16.4,50,28.3,0.4,1.9,0.1,2.7,64.3,17.6,14.3,16.5,24.3,6.5
GALVESTON ISD,13,6650,23.7,46.7,25.1,0.2,1.6,0.1,2.6,79.3,22.8,11.1,23.5,29.2,4.4
HIGH ISLAND ISD,1,158,0,10.1,81.6,1.9,1.3,0,5.1,58.2,0,15.8,0,30.4,6.3
TEXAS CITY ISD,15,7756,29.6,45.9,19.9,0.2,0.4,0,4,84.1,11.8,16.8,11.2,21.9,4.1
HITCHCOCK ISD,5,1715,38.9,34.4,22.4,0.1,0.5,0,3.7,79.9,8.1,12.8,7.5,16,3.8
SANTA FE ISD,6,4325,1.2,25.5,70.3,0.4,0.6,0.1,1.8,50.2,6.3,12.2,6.3,33.6,4
CLEAR CREEK ISD,46,40235,7.8,33.8,44.6,0.2,8.7,0.1,4.7,35.6,11.8,12.6,12.5,22.6,12.4
FRIENDSWOOD ISD,6,6155,1.6,19.8,67.6,0.2,6.3,0.2,4.4,11.1,2.4,12.8,2.3,36.5,8.8
POST ISD,4,784,5,60.2,29.2,1.1,0.1,0.1,4.2,71,8.9,14.3,8.9,20.7,1.9
SOUTHLAND ISD,1,114,0,57,42.1,0,0,0,0.9,71.1,0,7,0,33.3,2.6
DOSS CONSOLIDATED CSD,1,24,0,50,41.7,0,8.3,0,0,0,0,12.5,0,0,0
FREDERICKSBURG ISD,6,3100,0.3,50.7,46.8,0.2,0.6,0.1,1.3,59.6,16.5,15.5,16.3,39.5,5.1
HARPER ISD,3,559,0.5,15.7,82.5,0,0,0,1.3,33.8,3.6,11.8,3.4,30.4,7.9
GLASSCOCK COUNTY ISD,2,293,0,42,58,0,0,0,0,17.4,8.9,9.9,8.9,26.6,5.8
GOLIAD ISD,4,1283,3.6,46.2,47.2,0.3,0.5,0,2.3,53.7,1.8,13.3,1.6,38.7,6.1
GONZALES ISD,5,2613,7.5,67.6,24.2,0.1,0.2,0,0.4,70.4,22.8,15.2,22.4,26.3,6.7
NIXON-SMILEY CISD,5,1064,0.8,75.8,22.1,0.1,0,0,1.2,84.3,19.1,18,18.8,26.1,8.7
WAELDER ISD,1,304,7.9,84.9,5.9,0,0,0,1.3,95.7,30.3,13.2,29.9,12.5,3
LEFORS ISD,1,176,0,15.3,79.5,0.6,1.7,0,2.8,48.9,3.4,16.5,3.4,17.6,5.1
MCLEAN ISD,1,185,0.5,21.1,73,0,0,0,5.4,58.9,0.5,15.7,0.5,30.3,0
PAMPA ISD,6,3451,2.8,49.3,44.6,0.3,0.6,0,2.4,59.1,18.4,15.7,18.2,26.4,6.5
GRANDVIEW-HOPKINS ISD,1,46,0,15.2,84.8,0,0,0,0,10.9,0,15.2,0,0,0
BELLS ISD,3,884,0.6,11,80.8,1.5,0.6,0.2,5.4,37.9,2.3,13,2.3,29,7.6
COLLINSVILLE ISD,2,556,0.5,21.4,74.6,0.7,0,0,2.7,57.4,5,15.3,4.5,31.8,2.9
DENISON ISD,9,4674,9.2,23.1,56,1.8,0.5,0,9.4,59.3,8.5,15.3,8.2,23.6,3.3
HOWE ISD,4,1248,2.3,28.1,63.4,0.6,0.2,0,5.4,54.3,10.7,16.3,10.3,28.3,2.8
SHERMAN ISD,15,7698,12.1,44.1,33.2,0.9,3,0.1,6.6,74.4,26.1,14.7,25.9,25.1,10.4
TIOGA ISD,1,706,0.1,19.4,77.1,0.7,0.1,0,2.5,29.3,6.5,10.6,6.2,27.5,8.1
VAN ALSTYNE ISD,4,2046,2.1,18.5,72.3,0.7,2.2,0,4.3,23.2,4,13.6,3.8,26.2,5.1
WHITESBORO ISD,4,1717,0.7,19,73.9,1.5,0.6,0.1,4.1,53.8,6.6,15,6.3,21.7,3.4
WHITEWRIGHT ISD,3,755,3.3,13.2,76.7,1.2,0.3,0.1,5.2,46.5,5.2,11.9,5.2,26,10.3
POTTSBORO ISD,3,1430,0.3,8.5,81.3,2.4,0.5,0.1,6.9,34.8,1.5,11.2,1.5,34.7,4.5
S AND S CISD,3,991,0.4,15.5,77.4,0.5,0.8,0.1,5.2,46.5,6,15.3,6,25.8,3.6
GUNTER ISD,3,1113,1,20.2,73.8,1.3,0.5,0.2,3.1,99.9,5.6,9.5,5.4,26.9,6.9
TOM BEAN ISD,3,657,2.1,15.1,78.7,1.7,0.3,0,2.1,54.6,6.4,12.2,6.2,31.1,2.9
EAST TEXAS CHARTER SCHOOLS,1,141,5,16.3,73,0.7,0.7,0,4.3,27,0,8.5,0,56,0
GLADEWATER ISD,4,1703,19.8,18.9,53.1,0.2,0.5,0,7.4,75.7,7.4,16,7,24,6.8
KILGORE ISD,5,3887,12.2,37.2,44.7,0.3,0.5,0,5,76.2,20.1,7.2,22.3,23.9,4.1
LONGVIEW ISD,14,8223,34.7,40.8,18.5,0.5,1.4,0.2,3.9,85.2,22,9.5,21.8,25.5,5.6
PINE TREE ISD,6,4677,23.2,35.6,33.5,0.3,1,0.1,6.2,69.2,15.2,12.4,14.2,30.5,7.2
SABINE ISD,3,1531,3.9,23.6,67.5,0.2,0.5,0,4.4,51.5,11.3,11.4,11.4,30.4,7.8
SPRING HILL ISD,4,2028,12.2,19.4,60.9,0.6,1.8,0,4.9,49.7,5.6,11.3,5.5,25.5,5.8
WHITE OAK ISD,4,1458,3.1,10.2,79.5,0.3,0.5,0,6.4,43.2,1.4,14.1,1.1,29.1,8.4
ANDERSON-SHIRO CISD,2,886,4.5,14.8,76.3,0.1,0.6,0,3.7,41.3,4.1,14,4,30.8,6.5
IOLA ISD,2,539,1.7,18.2,76.8,0,0.4,0,3,35.8,1.1,16.5,1.1,33.8,4.5
NAVASOTA ISD,6,2953,17.3,57,23.5,0.2,0.3,0.2,1.6,79.2,24.8,16.2,24.1,33,3.1
RICHARDS ISD,1,213,8,7.5,82.2,0,0,0,2.3,39.9,0,14.6,0,32.9,0
SEGUIN ISD,14,7039,4,70.8,23.2,0.1,0.2,0.1,1.5,68.5,11.8,13.7,12.1,20.1,7.4
SCHERTZ-CIBOLO-U CITY ISD,16,15875,11.6,45.3,33.3,0.3,1.7,0.4,7.3,32.5,3.9,13.8,4.2,29,6.3
NAVARRO ISD,4,1971,1.5,40.9,54.3,0.1,0.9,0.2,2.1,27.8,4.6,13,4.2,29.4,7
MARION ISD,5,1471,2.2,41.3,54,0.3,0.1,0.2,2,42.2,6.2,13.8,5.9,29.6,6.8
ABERNATHY ISD,4,820,1.7,52.3,44.5,0,0.1,0,1.3,51.8,1.8,8.7,1.8,27.7,14.4
COTTON CENTER ISD,1,99,0,54.5,44.4,0,0,0,1,62.6,4,16.2,4,38.4,5.1
HALE CENTER ISD,3,597,2,73,22.8,0.7,0.2,0,1.3,67.2,8.9,9.2,8.9,32.7,1
PETERSBURG ISD,1,274,0.7,68.2,29.9,0.4,0,0,0.7,75.5,6.9,18.2,6.6,28.5,9.1
PLAINVIEW ISD,10,4710,3.6,80.7,14.1,0.3,0.3,0.1,0.9,84.4,10,11.5,10,25.7,8.7
MEMPHIS ISD,4,431,7.9,60.6,29.9,0.2,0,0,1.4,80.5,16,21.6,15.1,27.1,8.8
TURKEY-QUITAQUE ISD,1,193,1,28.5,68.9,0,0,0,1.6,53.9,6.2,8.8,6.2,40.9,2.6
HAMILTON ISD,3,832,0.6,21.9,75.5,0,0.4,0,1.7,54.8,7.6,13,7.6,26.1,7.5
HICO ISD,2,603,1.3,21.7,74.5,0.2,0,0,2.3,52.6,10,10.8,9.8,27.5,2.3
GRUVER ISD,3,418,0,51,47.8,0,0.2,0,1,39.2,21.1,9.1,21.1,40.7,10.3
PRINGLE-MORSE CISD,1,128,0,64.1,35.9,0,0,0,0,68,28.9,9.4,28.9,25.8,0.8
SPEARMAN ISD,3,783,0.1,66,33.1,0,0.1,0,0.6,60,20.9,7.4,20.8,28.5,4.6
CHILLICOTHE ISD,1,199,0.5,47.7,46.7,0.5,0,0.5,4,83.9,17.6,19.1,17.6,26.6,7
QUANAH ISD,3,497,3.4,35.4,55.5,0.2,0.4,0,5,70,1.6,18.9,1.6,36.4,4.8
KOUNTZE ISD,4,1125,14.7,8.2,71.7,0.4,0.4,0.1,4.4,59,4,16.2,4,28.3,7.1
SILSBEE ISD,4,2708,17.8,8.7,66.9,0.3,0.3,0,5.9,63.2,2.2,16.7,2.2,37,5.4
HARDIN-JEFFERSON ISD,5,2602,12.9,11.3,71.5,0.2,1.3,0.1,2.8,37.8,3.5,13.6,3.5,34.8,4.8
LUMBERTON ISD,5,4188,0.5,10.1,85.5,0.4,0.8,0,2.6,36.2,2.3,12.5,2.2,36.3,4.8
WEST HARDIN COUNTY CISD,2,568,1.1,4.9,92.3,0,0,0,1.8,67.1,0.2,13.2,0,27.3,8.1
SER-NINOS CHARTER SCHOOL,3,1009,1.2,96.7,0.4,0.8,0.5,0,0.4,98.7,89.4,6,98.4,0.1,0
ARISTOI CLASSICAL ACADEMY,3,1219,10.2,31.6,50,0.4,3.3,0.2,4.4,6.2,3.4,10.4,3.7,6,0
GEORGE I SANCHEZ CHARTER,2,947,1.4,98.1,0.2,0,0,0,0.3,95.4,49.3,8.3,49.2,43.4,0
RAUL YZAGUIRRE SCHOOLS FOR SUCCESS,6,1563,0.6,98.7,0.6,0,0,0,0.1,96.7,64,9,62.3,23,4.2
ACADEMY OF ACCELERATED LEARNING INC,1,4,0,100,0,0,0,0,0,25,100,0,100,0,0
EXCEL ACADEMY,4,217,51.6,42.9,3.2,0,0.5,0,1.8,100,13.4,24.4,13.4,7.8,0
THE VARNETT PUBLIC SCHOOL,3,1137,34,65.2,0.3,0.1,0.1,0,0.4,98.7,52.1,3.5,49.8,0,0
ALIEF MONTESSORI COMMUNITY SCHOOL,1,349,15.5,42.7,3.4,0,35.5,0,2.9,79.9,70.8,7.2,70.8,0,0
AMIGOS POR VIDA-FRIENDS FOR LIFE PUB CHTR SCH,1,560,0.7,98.9,0.2,0,0.2,0,0,99.5,87.9,5.9,87.7,0,0
HOUSTON HEIGHTS HIGH SCHOOL,1,175,20,73.7,4.6,0,0,0,1.7,78.9,0,13.1,0,24.6,0
HOUSTON GATEWAY ACADEMY INC,3,2082,2,97.2,0.6,0.1,0.1,0,0,89,55.6,3.7,55.3,0.6,0
CALVIN NELMS CHARTER SCHOOLS,2,304,17.1,60.9,15.5,0,4.3,0,2.3,46.4,7.9,9.9,7.2,75.3,0
SOUTHWEST SCHOOL,5,1526,5.2,88.4,4.5,0.4,0.4,0,1.1,87.2,75,10,75,17,0
TWO DIMENSIONS PREPARATORY ACADEMY,3,439,89.5,9.6,0.7,0,0,0,0.2,94.1,2.5,6.6,2.3,0,2.3
COMQUEST ACADEMY,1,44,13.6,61.4,20.5,0,0,0,4.5,61.4,34.1,6.8,29.5,40.9,0
YES PREP PUBLIC SCHOOLS INC,19,14557,8.4,81.5,1,0.3,0.7,0,8,90,42.5,7.2,37.7,23.2,0
HARMONY PUBLIC SCHOOLS - HOUSTON SOUTH,6,3564,29.8,56.3,4.9,0.2,7.7,0.1,0.9,86.6,38.6,9.7,37.3,27.1,6.2
BEATRICE MAYES INSTITUTE CHARTER SCHOOL,1,462,96.8,1.3,0.2,0,0,0,1.7,70.3,0,7.1,0,8.2,0
ACCELERATED INTERMEDIATE ACADEMY,2,214,48.6,49.5,1.4,0.5,0,0,0,93.9,36,1.9,36,0,0
PROMISE COMMUNITY SCHOOL,5,1722,22.5,65.9,3.3,0.3,7.5,0,0.6,99,52.9,9.5,52.2,0,0
MEYERPARK ELEMENTARY,1,272,79.8,16.9,0,0,0.4,0.4,2.6,89,1.8,8.5,1.8,0,0
DRAW ACADEMY,1,692,0,99,0.4,0,0.6,0,0,100,92.3,3.6,92.3,0,0
HARMONY PUBLIC SCHOOLS - HOUSTON NORTH,9,5894,23.3,52.2,10,0.2,12.2,0.1,2.1,73,27.6,8.7,26.1,23.1,14.4
STEP CHARTER SCHOOL,2,558,17.6,68.8,1.8,0.5,10.6,0,0.7,100,59.3,9,59,0,0
THE RHODES SCHOOL FOR PERFORMING ARTS,2,607,81.1,14.3,2,0,0.2,0.2,2.3,90.4,2.3,10.9,2.3,0,1.6
HARMONY PUBLIC SCHOOLS - HOUSTON WEST,6,4086,30.8,19.8,15.4,0.2,31.4,0.2,2.1,60.9,22.9,6.8,22.1,28.6,14.1
THE LAWSON ACADEMY,1,169,93.5,5.9,0,0,0,0,0.6,91.7,0,13,0,0.6,0
THE PRO-VISION ACADEMY,2,397,92.9,5.8,0.5,0.3,0,0,0.5,94,0,12.1,0,35,0
BETA ACADEMY,2,1298,13,76.6,6.9,0.5,2.1,0,0.8,72.3,20,6.3,18.7,7.2,0
A+ UNLIMITED POTENTIAL,1,145,45.5,43.4,7.6,0,2.1,0,1.4,75.2,11.7,25.5,11.7,0,0
ETOILE ACADEMY CHARTER SCHOOL,1,341,11.7,73,1.8,0.3,13.2,0,0,99.7,62.5,8.8,61.9,0.3,0
YELLOWSTONE COLLEGE PREPARATORY,1,157,98.1,0,0,1.3,0,0,0.6,96.2,0,7,0,1.9,0
LEGACY SCHOOL OF SPORT SCIENCES,1,369,67.5,23.8,4.9,0,0,0,3.8,69.4,0,4.6,0,50.1,0
BLOOM ACADEMY CHARTER SCHOOL,1,193,85,10.4,0.5,2.1,1,0,1,76.7,0,13.5,0,0,0
REVE PREPARATORY CHARTER SCHOOL,1,165,61.8,35.2,0.6,0.6,0,0,1.8,86.7,24.8,4.8,24.2,0,0
ELEVATE COLLEGIATE CHARTER SCHOOL,1,55,80,14.5,3.6,0,1.8,0,0,80,0,1.8,0,0,0
HOUSTON CLASSICAL CHARTER SCHOOL,1,131,49.6,35.1,6.1,0,5.3,0,3.8,72.5,2.3,7.6,2.3,0,0
ALDINE ISD,78,61528,21.5,74,2,0.2,1,0.2,1.1,89.9,42.2,8.9,41.5,30.4,4
ALIEF ISD,45,40642,26.7,58.8,3.3,0.7,10.1,0.1,0.3,83.2,49.6,10.3,50.1,21,4.5
CHANNELVIEW ISD,13,9503,9.2,83,5.2,1,0.7,0.1,0.9,78.7,40.4,11.4,38.4,29.3,4.8
CROSBY ISD,9,6465,13.1,46.8,36.5,0.3,0.4,0,3,54.3,17.2,11.6,17.7,23.2,5.1
CYPRESS-FAIRBANKS ISD,88,116913,20.2,44.8,21.6,0.6,9.4,0.1,3.3,57.6,16.7,10.4,15.9,25.6,6.8
DEER PARK ISD,14,12327,2.5,60.8,33.4,0.1,0.9,0,2.2,47.3,13.9,13.8,15.8,22.6,6.8
GALENA PARK ISD,25,21400,15,80.2,3.4,0.2,0.6,0,0.6,88.5,39.4,11.1,39,34.4,6.7
GOOSE CREEK CISD,31,23833,16.2,63.9,15.8,0.3,1.5,0.1,2.2,71.7,20,13,19.7,24.2,7.5
HOUSTON ISD,273,193727,22.1,61.9,9.7,0.2,4.5,0.1,1.6,79.2,35.1,8.4,35.7,20.9,14.7
HUMBLE ISD,48,47477,24.6,37.9,31.1,0.3,2.8,0.5,2.9,41.4,10.7,10.2,10.5,25.3,7.5
KATY ISD,72,88165,13.5,36.2,29.9,0.2,15.9,0.1,4,39.8,20.9,13.3,20.5,22.6,8.3
KLEIN ISD,50,53059,16.1,44.1,27.6,0.4,7.8,0.1,3.9,51.2,18.9,11.4,19.2,29.7,6.1
LA PORTE ISD,14,6925,7,52.5,35.9,0.4,1.1,0.1,2.9,52.7,11.4,12.9,11.6,29.8,8.4
PASADENA ISD,67,49255,8.1,82.8,5.2,0.1,3,0.1,0.7,79.4,32.6,12.4,30.5,19.7,5.5
SPRING ISD,42,33406,38.1,50.7,5.5,1,2.1,0.3,2.4,84.5,29.4,10.2,29.2,23.2,6.1
SPRING BRANCH ISD,46,33474,5.5,57.4,27.3,0.3,6.7,0,2.7,56.8,37.2,10.5,38.2,20.4,11.1
TOMBALL ISD,21,20184,5.5,32.6,48.9,0.3,8.2,0.1,4.5,28.8,12.3,9.1,12.5,32.6,9.9
SHELDON ISD,13,10565,25.3,67.8,4.5,0.3,0.5,0,1.6,86.7,33.4,9.9,34.8,35.3,5.3
HUFFMAN ISD,5,3565,3.1,27.3,66.8,0.4,0.5,0.1,1.8,41.8,7.9,14.9,7.5,27.7,5.5
KARNACK ISD,1,134,37.3,8.2,46.3,0,0,0,8.2,90.3,5.2,10.4,5.2,0,7.5
MARSHALL ISD,8,5059,34.7,38.9,22.1,0.6,0.6,0,3,77.2,19.8,7.6,19.5,33,7.9
WASKOM ISD,3,845,15.4,25.8,51.5,0.1,0.5,0,6.7,66.4,9.1,11.7,8.5,37.3,6.6
HALLSVILLE ISD,7,19079,14.5,40.1,38.8,0.4,1.5,0.1,4.5,53.8,7.6,15.5,6.5,36.4,3.6
HARLETON ISD,3,711,1.7,7.9,86.5,0,0.1,0,3.8,46.8,1.7,12.2,1.7,26.9,8.4
ELYSIAN FIELDS ISD,3,829,12.3,5.4,78.5,0.2,0,0,3.5,62.2,0.4,14.4,0.5,35.1,6.5
CHANNING ISD,1,163,0,46.6,52.1,0,0,0,1.2,68.7,18.4,11.7,18.4,20.2,1.8
HARTLEY ISD,1,232,0,65.5,34.1,0,0,0,0.4,65.1,32.3,8.6,32.3,24.6,6
HASKELL CISD,3,537,4.3,42.3,49,0.9,0.6,0,3,67.6,1.9,15.8,2,26.8,2.6
RULE ISD,1,143,0.7,44.1,52.4,1.4,0,0,1.4,81.1,7,15.4,7,24.5,5.6
PAINT CREEK ISD,1,95,0,49.5,49.5,0,0,0,1.1,82.1,0,9.5,0,21.1,3.2
KATHERINE ANNE PORTER SCHOOL,1,74,0,24.3,70.3,0,0,0,5.4,4.1,0,14.9,0,71.6,2.7
TEXAS PREPARATORY SCHOOL,2,120,27.5,41.7,19.2,0,0,0,11.7,57.5,0,3.3,0,0.8,0
KI CHARTER ACADEMY,3,281,12.1,23.8,55.2,2.8,0.7,0.7,4.6,99.3,0,45.9,0,14.9,0
SAN MARCOS CISD,11,8136,4.1,73.2,20.1,0.1,0.7,0.1,1.6,77.8,13.2,14.6,16,26.3,14.7
DRIPPING SPRINGS ISD,8,7859,1.1,20.1,71.3,0.2,2.3,0.1,4.9,8.4,4.9,11.2,4.8,18.8,6.5
WIMBERLEY ISD,4,2606,1.2,25.8,69,0.6,0.5,0,3,30.9,5.6,10.7,5.3,26.1,7.7
HAYS CISD,25,21345,3,65.5,27.4,0.2,1.1,0.1,2.8,46.1,19.6,13.5,19.6,30.1,6.4
CANADIAN ISD,4,839,0.4,46.8,50.4,0.8,0.5,0,1.1,40.3,13.8,11.3,13.8,45.2,5.8
ATHENS ISD,5,2955,11.9,50.4,31.8,0.2,0.9,0,4.8,79.1,26.4,15.1,25.4,28.6,2.9
BROWNSBORO ISD,6,2584,5.8,17.4,72.8,0.4,0.5,0.3,2.9,59.6,5.8,15,5.3,35.9,6
CROSS ROADS ISD,3,538,1.9,13,82.2,0,0.2,0,2.8,53.9,4.3,12.5,4.3,35.1,5.8
EUSTACE ISD,4,1650,1,14.4,80.5,0.2,0.1,0,3.8,69.1,3.8,17.4,3.8,29.4,3.7
MALAKOFF ISD,5,1420,10.8,20,64.4,0.3,0.2,0.1,4.2,64.8,5.4,11.6,5.2,25.3,4.4
TRINIDAD ISD,1,153,11.8,18.3,54.9,0,0,0,15,82.4,3.3,9.2,3.3,28.8,17
MURCHISON ISD,1,179,2.8,21.2,74.3,0,0,0,1.7,68.2,8.9,17.9,8.9,4.5,7.8
LAPOYNOR ISD,3,491,5.3,9.4,84.5,0.2,0,0,0.6,52.3,1.4,10.2,1.4,34.2,5.3
HORIZON MONTESSORI PUBLIC SCHOOLS,4,1392,4.7,83.5,7.3,0.8,3,0,0.8,70.9,32,6.3,30.9,5.5,3
TRIUMPH PUBLIC HIGH SCHOOLS-RIO GRANDE VALLEY,4,484,0,98.6,1.4,0,0,0,0,91.7,22.7,10.3,22.3,52.9,0
IDEA PUBLIC SCHOOLS,123,67988,7.1,85.7,5.7,0.1,1,0.1,0.3,83.3,40.7,7.7,39.1,8.3,0
VANGUARD ACADEMY,5,5364,0.1,98.7,0.9,0,0.2,0,0,76.3,47.7,5.4,47.9,21.9,5.7
EXCELLENCE IN LEADERSHIP ACADEMY,1,301,0,99.3,0,0.7,0,0,0,85.7,64.8,14.3,75.4,0,3.3
DONNA ISD,23,13060,0,99.7,0.2,0,0,0,0,94.6,56.1,10.4,57,30.1,8.5
EDCOUCH-ELSA ISD,9,4140,0.1,99.6,0.2,0,0,0,0,93.1,29.3,11.3,28.7,27.7,9.7
EDINBURG CISD,44,32043,0.3,98,1,0,0.5,0,0.2,82.2,37.3,7.5,37.1,23.7,6.8
HIDALGO ISD,7,2836,0,100,0,0,0,0,0,88.6,64.8,8.7,71.6,39.8,9.6
MCALLEN ISD,30,20282,0.4,93.4,4.4,0.1,1.2,0,0.5,73.8,34.8,12.4,37,33.6,10.7
MERCEDES ISD,11,4416,0.2,98.2,1.2,0,0.1,0,0.2,93.5,30.4,10,29.1,31.5,11.6
MISSION CISD,23,13838,0.1,99.1,0.7,0,0.1,0,0.1,86,38.6,9.1,38,39.8,12.6
PHARR-SAN JUAN-ALAMO ISD,42,29242,0.2,99,0.8,0,0.1,0,0,91.5,43.3,9.5,49.8,13.1,6
PROGRESO ISD,4,1393,0,99.6,0.4,0,0,0,0,99.9,59.2,8.7,59.2,13.4,11.8
SHARYLAND ISD,13,9481,0.5,93.9,3.7,0.1,1.5,0,0.3,65.8,33.4,8.5,32.8,33.5,9.2
LA JOYA ISD,38,24024,0,99.8,0.1,0,0,0,0,93.2,57.9,11.1,56.1,30.7,10.1
WESLACO ISD,21,15581,0.1,98.5,1.3,0,0.1,0,0,82.2,26.5,9.8,25.4,35.7,5.5
LA VILLA ISD,3,557,0,99.6,0.4,0,0,0,0,92.6,19.6,10.2,18.3,44.7,8.6
MONTE ALTO ISD,3,890,0,98.3,1.6,0.1,0,0,0,93.1,33.3,10.2,31.9,26.9,1.3
VALLEY VIEW ISD,7,3789,0,99.8,0.2,0,0,0,0,96.9,70,9.7,69.9,30.1,9.3
ABBOTT ISD,1,282,1.4,14.2,82.6,0,0,0,1.8,24.8,0.7,13.1,0.7,32.3,4.6
BYNUM ISD,1,181,4.4,33.7,59.1,0,1.1,0,1.7,58,6.6,23.8,6.1,37,3.3
COVINGTON ISD,1,301,0,18.9,76.7,1.3,0,0,3,50.5,5.3,14.6,5.3,17.6,4.7
HILLSBORO ISD,5,1930,10.5,60.1,24.1,0.4,0.9,0,4,74.5,16.9,14,16.1,26.3,4.2
HUBBARD ISD,2,440,10.9,20.5,63,0,0.2,0,5.5,55,2,14.3,1.8,24.5,6.4
ITASCA ISD,3,628,5.3,52.9,38.2,0.5,0.6,0.5,2.1,71.8,17.4,11.5,17.2,41.1,7.8
MALONE ISD,1,153,4.6,73.2,15.7,0,0,0.7,5.9,91.5,55.6,11.1,50.3,0,3.9
MOUNT CALM ISD,2,193,3.1,30.6,61.7,0.5,0,0,4.1,72,4.1,16.6,2.6,31.6,7.3
WHITNEY ISD,5,1474,3.8,22,69.6,0.2,0.3,0.1,4.1,63.9,6.6,15.1,6.5,27.6,5.3
AQUILLA ISD,2,335,0.9,12.2,84.2,0,0,0,2.7,54.3,5.7,16.7,5.7,32.5,9.6
BLUM ISD,1,344,2.3,10.5,84,0.3,0,0,2.9,60.5,1.7,14.5,1.7,37.2,6.1
PENELOPE ISD,1,198,2.5,32.3,65.2,0,0,0,0,57.6,9.6,18.2,9.6,34.8,1.5
ANTON ISD,1,182,3.3,72.5,20.3,0.5,0,0,3.3,80.2,7.1,13.2,6.6,47.3,0.5
LEVELLAND ISD,6,2746,3.2,73.7,21.3,0.2,0.3,0,1.2,73.3,9.3,18.6,8.6,22.4,4.5
ROPES ISD,1,514,0.6,29.4,69.5,0.2,0,0,0.4,35.4,1.8,6.6,1.8,33.1,6.4
SMYER ISD,1,416,0.7,45.7,52.2,0,0,0,1.4,51,3.4,12.3,3.4,37.3,8.9
SUNDOWN ISD,4,576,0.5,58.9,38.2,0,0.9,0,1.6,50,4,8.9,4,27.4,11.3
WHITHARRAL ISD,1,236,0.8,39.8,56.4,0.4,0,0,2.5,54.7,0.8,10.6,0.8,38.6,5.5
LAKE GRANBURY ACADEMY CHARTER SCHOOL,1,51,13.7,43.1,39.2,0,2,0,2,100,11.8,13.7,7.8,15.7,0
GRANBURY ISD,10,7712,1.3,26.2,68,0.3,0.9,0.3,3,52,9.9,14.4,9.7,27.9,8.2
LIPAN ISD,2,447,0.2,11.9,86.1,0,0,0.2,1.6,51,3.1,8.9,3.4,29.1,3.4
TOLAR ISD,3,847,1.1,7.1,89.4,0.4,0.1,0.4,1.7,45.3,0.1,9.1,0.2,28.1,3.5
SULPHUR SPRINGS ISD,9,4329,10,29.7,54.1,0.4,0.8,0.2,4.8,59.7,14.9,14.7,16.9,26.7,5.3
CUMBY ISD,2,435,1.1,12.9,80.7,2.1,0,0,3.2,59.8,5.3,15.2,4.8,32.6,3
NORTH HOPKINS ISD,2,535,0.2,23.6,69.3,2.1,0,0.2,4.7,62.2,14,12,13.3,27.9,7.9
MILLER GROVE ISD,1,299,0,17.1,80.9,0,0.3,0.3,1.3,53.5,5.4,11.4,5.4,27.8,0.7
COMO-PICKTON CISD,1,724,1.5,42.5,52.8,0.6,0.7,0,1.9,65.3,23.6,16.7,23.2,28.2,4.6
SALTILLO ISD,1,244,3.7,29.1,65.6,0,0,0,1.6,59.4,14.3,13.1,14.3,23.4,2.9
SULPHUR BLUFF ISD,1,202,2.5,13.4,82.2,0,0,0,2,45,5,13.9,4.5,50.5,5
CROCKETT ISD,4,1190,47.7,33.9,13.3,0.3,0.7,0.1,3.9,92.5,19.2,12,19.3,30.6,4.6
GRAPELAND ISD,3,631,20.1,9.4,65.5,0,1.6,0,3.5,63.9,0.8,14.9,0.8,24.4,4.1
LOVELADY ISD,2,504,9.7,12.7,74.2,0.2,0.4,0,2.8,53,0.8,14.7,0.8,40.1,6
LATEXO ISD,2,488,1,16.2,79.1,0,1.6,0,2,48.4,5.1,12.9,4.9,35.7,7.2
KENNARD ISD,1,246,11.4,7.3,76.4,0,0,0.4,4.5,61.8,0.4,15.9,1.2,35,8.9
BIG SPRING ISD,8,3629,5.3,66.6,23.8,0.2,0.9,0.2,3,74,6.3,16.2,5.9,31.7,4.5
COAHOMA ISD,3,1084,0.7,42.6,54.6,0.3,0.4,0,1.4,37.8,2.9,10.6,2.7,32.4,5.2
FORSAN ISD,2,764,1,34.3,60.3,0.3,2.5,0,1.6,33.8,2.4,7.7,2.4,27.2,6.7
FT HANCOCK ISD,3,400,0.5,96.5,2,0,0.3,0,0.8,88.3,59.8,9.5,73.3,26.8,6
SIERRA BLANCA ISD,1,118,3.4,71.2,23.7,0,0.8,0,0.8,77.1,2.5,16.1,2.5,33.1,0
DELL CITY ISD,1,66,1.5,68.2,27.3,0,0,0,3,77.3,24.2,15.2,24.2,15.2,7.6
CADDO MILLS ISD,4,2227,2.4,20.4,73.6,0.4,0.4,0,2.8,35,4.8,14,4.8,40.2,3.5
CELESTE ISD,3,483,2.5,20.7,71.4,0.8,0,0,4.6,55.1,5.6,15.5,5.6,26.9,4.8
COMMERCE ISD,4,1440,25.3,21.8,44,0.6,1.3,1.2,5.8,71.1,10.8,15.8,10.8,37.1,5.8
GREENVILLE ISD,11,5320,16.4,47,29.6,0.3,0.9,0.3,5.6,75,24.5,14,25,28.8,8.2
LONE OAK ISD,3,1025,2.2,13.7,79.5,0.7,0.6,0.4,2.9,48.2,3.4,16.5,3.4,30,7.4
QUINLAN ISD,4,2575,0.7,35.9,59.4,0.5,0.3,0.4,2.8,73.7,17.2,14.9,17,30.7,3.4
WOLFE CITY ISD,3,701,4.1,20.4,73.5,0.6,0.3,0,1.1,52.9,8.3,11.8,8.3,28.4,7.6
CAMPBELL ISD,2,303,0.7,31.4,64.7,0,1.3,0,2,63,13.5,22.8,12.9,18.2,4
BLAND ISD,3,761,1.2,44.4,51.9,1.2,0.3,0.1,0.9,51,20,15,20,27.9,8
BOLES ISD,3,529,2.8,19.3,73,0.8,0.9,0,3.2,99.6,5.7,14.6,4.7,24.2,6.2
BORGER ISD,6,2493,2.3,47.5,44.7,0.9,0.7,0,3.9,55,11.1,13.5,10.1,22,5.2
SANFORD-FRITCH ISD,3,692,1,9.8,84.1,0.7,0.4,0,3.9,40.5,0.6,14.9,0.6,23,3.8
PLEMONS-STINNETT-PHILLIPS CISD,3,621,0,22.7,70.2,1.1,0,0.2,5.8,45.4,1.3,17.1,1.1,19,7.1
SPRING CREEK ISD,1,96,3.1,33.3,57.3,0,0,0,6.3,43.8,6.3,13.5,6.3,6.3,5.2
IRION COUNTY ISD,2,334,1.5,26.6,69.8,0,0.3,0,1.8,38.9,1.8,12.3,1.8,31.7,9.6
BRYSON ISD,1,252,0,11.5,84.9,1.2,0,0,2.4,58.7,3.2,9.9,3.2,30.6,3.2
JACKSBORO ISD,3,1077,0.9,33.1,62.8,0.3,0.6,0.1,2.3,68.6,15,13.8,14.9,34.3,6.2
PERRIN-WHITT CISD,2,322,0,18,80.1,0,0,0,1.9,51.6,2.5,14,2.2,37.9,5.9
EDNA ISD,4,1549,12.1,43.7,38.5,0,2.5,0,3.2,61.2,9.9,12.1,9.4,24.3,7.8
GANADO ISD,3,736,2,59.1,37.6,0.1,0,0,1.1,56.3,10.7,7.9,10.7,33.7,7.5
INDUSTRIAL ISD,4,1156,1,29.7,67.8,0.1,0,0,1.4,32.2,1.8,8.8,1.8,41.3,8
BROOKELAND ISD,2,369,1.4,2.7,93,0,0,0,3,50.7,0,12.7,0,25.2,0
BUNA ISD,3,1483,3.5,3.6,89.1,0.3,0.1,0,3.3,46,0.5,13.2,0.5,36.9,6.9
JASPER ISD,4,2166,40.2,18.8,35.9,0.2,0.4,0,4.4,80.1,9.5,13.5,8.9,35.3,4.8
KIRBYVILLE CISD,3,1450,8.6,7.8,77.6,0.3,0.1,0.1,5.6,69.2,2,14.7,2,30.6,6.3
EVADALE ISD,3,397,0,3.5,92.2,0,0,0,4.3,39.8,1.8,11.8,1.8,34.5,0
FT DAVIS ISD,1,176,0,61.9,34.7,0,0,0,3.4,51.7,10.8,13.1,10.8,29,11.9
VALENTINE ISD,1,35,0,62.9,31.4,0,5.7,0,0,60,14.3,11.4,14.3,22.9,2.9
TEKOA ACADEMY OF ACCELERATED STUDIES STEM SCHOOL,4,366,89.1,8.7,1.4,0.3,0,0,0.5,90.4,0,1.9,0,16.4,0
EHRHART SCHOOL,1,507,12.8,80.1,5.7,0,0.6,0,0.8,87.8,58.8,9.5,58.6,0.2,4.1
BOB HOPE SCHOOL,4,2362,21.1,76,1.1,0.3,0.4,0.1,1.1,87.6,45.2,3.8,70.2,21.8,0
NEDERLAND ISD,7,4983,8.4,28.9,52,0.4,7.1,0.1,3,45.8,11.2,12.3,10.6,22.5,5.7
PORT ARTHUR ISD,12,7840,41.1,50.3,2.5,2.2,2.7,0,1.1,84.6,28.2,10.3,26.3,25.2,3.5
PORT NECHES-GROVES ISD,12,5186,4,29.7,57.3,0.2,5.6,0,3.1,39.4,7.5,10.7,7.4,26.2,7.4
BEAUMONT ISD,28,16729,59.6,26.5,8.3,0.3,2.9,0.1,2.4,81.6,14,9.2,13.7,24.2,7.4
SABINE PASS ISD,1,365,24.7,40.3,31.5,0,1.9,0,1.6,51.5,1.9,3,1.4,30.1,5.8
HAMSHIRE-FANNETT ISD,4,1953,10,20.6,65.5,0.4,1.5,0.1,1.8,38.2,5.8,11.2,5.4,30.8,7.3
JIM HOGG COUNTY ISD,3,1076,0.3,97.3,1.8,0.1,0.3,0,0.3,87.3,7.1,10.6,5.8,29.1,11.3
ALICE ISD,6,4359,0.4,92.1,6.7,0,0.3,0,0.3,84.7,2.7,13,2.4,36,2.6
BEN BOLT-PALITO BLANCO ISD,2,495,0,93.7,6.1,0,0,0,0.2,80.2,3,10.7,3,29.3,3.6
ORANGE GROVE ISD,4,1770,0.1,61.5,37.1,0.1,0.2,0,1,59.9,2.5,12,2.5,35.3,5.4
PREMONT ISD,2,695,0.1,97.6,2,0.1,0.1,0,0,92.2,7.1,20.6,6.8,40.3,3.6
LA GLORIA ISD,1,94,0,94.7,5.3,0,0,0,0,57.4,0,11.7,0,0,2.1
ALVARADO ISD,7,3595,2.5,45.6,48.1,0.6,0.2,0.1,3,58.2,22.9,9.8,22.6,23,7.1
BURLESON ISD,19,12693,7.8,26.9,58.6,0.4,1.4,0.2,4.8,32.4,7.2,11.3,6.7,26.7,6.2
CLEBURNE ISD,11,7036,3.7,42.7,46.2,0.6,0.4,2.5,4,70.4,22.3,11.7,23.7,24,7.6
GRANDVIEW ISD,3,1364,1.4,18.9,75.5,0.7,0.4,0,3.2,39.1,5.6,12.6,5.5,30.6,6.3
JOSHUA ISD,11,5862,2.3,32.5,61.4,0.5,0.8,0.2,2.4,53.2,12.7,11.3,12.8,25.3,2.8
KEENE ISD,5,1016,3.2,37.1,39.9,0.2,0.4,14.5,4.7,66.5,18.5,10.7,17.8,29.9,4.7
RIO VISTA ISD,4,817,0.4,19.8,76.1,0.2,0,0,3.4,63.2,5.3,11.9,5.3,29.1,9.5
VENUS ISD,5,2300,3.9,63,29.5,0.4,1,0.3,2,75.2,28.7,10.8,28.4,29.4,4.6
GODLEY ISD,6,2598,1,30.6,65.2,0.3,0.2,0.1,2.5,40.9,12.2,12.9,12,27.1,7.2
ANSON ISD,3,739,1.5,48.4,47,0.3,0.4,0.4,2,62.5,3,13.7,3,22.5,6.9
HAMLIN COLLEGIATE ISD,2,430,5.3,40.5,47.9,0,0.5,0,5.8,68.1,4.7,12.8,4.7,36,1.2
HAWLEY ISD,3,765,0.8,20.3,77,0.1,0.1,0.3,1.4,51.9,0.4,14,0.4,30.1,9.9
LUEDERS-AVOCA ISD,2,96,0,31.3,66.7,0,0,0,2.1,82.3,0,25,0,33.3,2.1
STAMFORD ISD,3,620,6.3,50.5,39,0.5,0.3,0,3.4,66.5,4,12.3,4,26.3,2.6
KARNES CITY ISD,4,1048,2,75.6,21,0.2,0.4,0,0.9,70.6,6.4,14.6,5.8,18.1,8.3
KENEDY ISD,3,733,1.1,89.5,8,0,0.3,0,1.1,82.5,7,14.5,7,29.5,5
RUNGE ISD,3,217,0,89.9,9.2,0,0,0,0.9,86.2,0.9,16.6,0.9,34.1,6.9
FALLS CITY ISD,2,428,0,19.9,78.3,0,0,0,1.9,24.1,2.6,8.2,2.3,41.6,6.5
CRANDALL ISD,8,5439,22.6,38.1,35.3,0.4,0.6,0.1,3,57.3,17.5,13.3,16.8,25.7,6.5
FORNEY ISD,16,14314,31.2,28.8,33.8,0.3,2,0.2,3.7,35.5,11.5,11.9,12.2,39.8,5.7
KAUFMAN ISD,7,4093,4.3,53.3,38.9,0.5,0.3,0.1,2.6,76.8,23.9,11.7,23.4,24.2,6.8
KEMP ISD,5,1689,1.4,37.1,56.6,0.2,0.6,0,4.1,64.7,16.9,15.8,16.2,32.1,4.6
MABANK ISD,6,3653,1.8,21.2,71.4,0.6,0.8,0.3,3.9,66.6,6.7,13.6,6.3,31.3,7.3
TERRELL ISD,9,4962,20.1,52.2,22.3,0.2,0.3,0,4.9,74.8,24.7,11.4,24.2,34.2,5.2
SCURRY-ROSSER ISD,3,1083,2.2,23.1,72.7,0.1,0,0.2,1.8,42,8.2,13.9,7.7,28.6,7.6
MEADOWLAND CHARTER DISTRICT,2,79,15.2,41.8,41.8,0,0,1.3,0,87.3,6.3,44.3,5.1,25.3,0
BOERNE ISD,12,10268,1.2,32.8,60.9,0.2,1.9,0.1,2.8,16.9,6.2,12.7,7.8,27.2,9.4
COMFORT ISD,3,1067,0.3,58.6,39.7,0.1,0.3,0.1,0.9,52.2,15.7,14.8,13.7,27.6,5.8
KENEDY COUNTY WIDE CSD,1,101,3,74.3,22.8,0,0,0,0,50.5,4,14.9,4,0,10.9
JAYTON-GIRARD ISD,1,169,0,21.3,76.9,0,0,0,1.8,40.2,0,13.6,0,27.8,8.9
CENTER POINT ISD,3,535,0.7,59.3,37.9,0.4,0,0,1.7,68,22.6,16.8,22.6,36.4,5.4
HUNT ISD,1,208,0.5,37.5,59.6,0.5,0,0,1.9,48.6,12.5,11.5,12.5,0,8.7
KERRVILLE ISD,8,4808,1.9,45,49.3,0.3,1.3,0.1,2,53.6,8.1,12.3,8,23.7,8.4
INGRAM ISD,3,1172,0.4,45.8,51.8,0.1,0.3,0,1.6,69.1,17.1,14.9,16.4,30.6,7.6
DIVIDE ISD,1,32,0,28.1,71.9,0,0,0,0,50,0,21.9,0,0,0
JUNCTION ISD,3,639,0.5,36.6,61.3,0,0.2,0,1.4,64,4.5,13.8,4.5,32.1,8.6
GUTHRIE CSD,1,132,0,6.8,93.2,0,0,0,0,19.7,3,9.8,3,29.5,4.5
BRACKETT ISD,3,531,0,74.4,24.9,0.4,0,0,0.4,61.8,4.3,15.1,4.3,10.5,4
KINGSVILLE ISD,5,2799,3.6,84.5,10.6,0,0.8,0,0.4,79.4,3.5,14.9,3.2,24.3,2
RICARDO ISD,2,622,1,86,11.6,0,1,0.2,0.3,57.1,2.9,11.9,2.9,0,6.1
RIVIERA ISD,2,478,1,74.5,23,0,0,0,1.5,68.2,1.5,7.5,1.5,37.7,3.1
SANTA GERTRUDIS ISD,2,781,0.8,76.7,19.7,0.4,1.8,0,0.6,43,1.2,6.7,0.9,43.5,16.5
KNOX CITY-O'BRIEN CISD,1,228,3.5,57.9,36,0,0,0,2.6,66.7,9.6,17.1,9.6,43.9,0
MUNDAY CISD,2,379,5,54.9,36.4,0,0.5,0,3.2,59.1,4,15.3,4,21.9,4
BENJAMIN ISD,1,133,0,37.6,56.4,0,0,0,6,75.2,1.5,14.3,1.5,25.6,4.5
CHISUM ISD,3,1145,3.9,9.3,81.5,1.1,0.1,0.2,3.8,45.6,5.8,11.8,5.5,29.4,5
PARIS ISD,8,3807,31.9,24.6,32.3,0.7,0.6,0.3,9.6,78.4,12.2,12.6,11.5,22.3,12.2
NORTH LAMAR ISD,6,2380,3.9,11.6,75.2,2.1,1.3,0.1,5.8,54.3,3.9,15.6,3.9,32.7,8.2
PRAIRILAND ISD,4,1089,0.9,10.3,84.8,0.9,0,0,3,51.9,3.1,10.2,3,26.9,5.6
AMHERST ISD,1,126,5.6,87.3,5.6,0,0,0,1.6,90.5,55.6,8.7,55.6,32.5,4
LITTLEFIELD ISD,4,1233,3.6,75.5,19.5,0.3,0.2,0,0.9,75.3,8.6,11.4,8.6,31.4,3.4
OLTON ISD,3,582,1.2,75.3,23.4,0,0,0,0.2,64.8,16.8,12.2,16.8,24.6,6.5
SPRINGLAKE-EARTH ISD,2,296,0,74.3,25.3,0.3,0,0,0,70.3,21.3,11.5,21.3,34.5,5.4
SUDAN ISD,2,483,1.7,52,44.9,0,0.2,0,1.2,56.1,8.5,13.3,8.5,34.8,7.7
LAMPASAS ISD,5,3403,2.1,29.3,62,0.3,0.5,0.4,5.3,60.4,3.8,17,3.8,31.4,6.4
LOMETA ISD,2,317,4.4,53.6,38.2,0.9,0.9,0.3,1.6,77.9,14.2,11.4,13.6,29.7,0.9
COTULLA ISD,4,1172,0.3,94.5,4.2,0.1,0.4,0,0.5,90.5,7.3,15.9,6.7,26.2,6.7
HALLETTSVILLE ISD,3,1147,9.2,21,65.4,0.1,0.7,0.1,3.6,39.8,3.2,13,3.2,41.2,6
MOULTON ISD,2,308,1,42.5,53.2,0.6,0.3,0,2.3,56.5,11.7,17.9,11,33.1,3.9
SHINER ISD,2,704,4.3,19.2,70.3,0.6,0.6,0,5.1,27,2.4,13.6,2.4,30,2.7
VYSEHRAD ISD,1,111,10.8,13.5,70.3,0,0,0,5.4,47.7,0,7.2,0,0,9
SWEET HOME ISD,1,136,0,11,86.8,0,0,0,2.2,22.1,0,8.8,0,0,7.4
EZZELL ISD,1,94,2.1,14.9,73.4,0,1.1,0,8.5,57.4,0,6.4,0,0,0
GIDDINGS ISD,4,1920,6.9,57,33,0.1,0.7,0,2.2,68.5,22,9.8,11.6,24.6,7.4
LEXINGTON ISD,3,1093,4.3,20.3,71,0.3,0,0.2,3.9,37.7,4.6,13.3,4.7,28.5,5.7
DIME BOX ISD,1,181,27.1,41.4,26,0,0,0,5.5,69.6,14.9,15.5,14.9,28.2,9.9
BUFFALO ISD,3,1024,3,43.8,49.2,0.2,1.2,0,2.5,68.9,19.3,11,18.6,32.4,4.4
CENTERVILLE ISD,2,711,8,12.4,75.7,0.4,0.8,0,2.7,50.4,3.4,10.4,3.2,39.5,3
NORMANGEE ISD,3,625,5,15.5,73.3,0.3,1.4,0.2,4.3,46.6,2.9,13.1,2.9,28,6.6
OAKWOOD ISD,2,233,23.2,10.7,58.8,0,0,0,7.3,88,1.7,9.9,1.7,30.5,3
LEON ISD,2,717,1.1,36,58.6,0.7,2.2,0,1.4,55.8,14.8,9.3,13.9,35.1,4.5
CLEVELAND ISD,9,10851,3.4,85.3,9.9,0.2,0.1,0,1.1,93.5,57.3,8.5,56.2,26,3.8
DAYTON ISD,7,5603,6.6,46.5,43.6,0.4,0.4,0,2.5,64.6,21.5,13,18.8,28.6,5.7
DEVERS ISD,2,216,4.6,26.4,66.7,0,0,0,2.3,29.2,10.2,8.8,10.2,0,3.7
HARDIN ISD,3,1280,2.7,15.5,77.7,0.6,0.2,0,3.1,58.5,3,11.2,3,24.6,3.7
HULL-DAISETTA ISD,3,433,9.2,8.3,78.8,0.9,0.2,0,2.5,76.7,2.1,15.9,2.1,24.9,2.8
LIBERTY ISD,4,2244,13.5,42.2,40,0.1,0.9,0,3.4,62.4,19.6,13.9,16.3,26.8,7.8
TARKINGTON ISD,4,1809,0.4,13,83.6,0.2,0.2,0.2,2.4,49.9,5.4,15,5.3,37.8,5.1
COOLIDGE ISD,2,302,16.6,49,30.5,0,0.3,0,3.6,82.1,11.9,19.2,11.9,35.4,3
GROESBECK ISD,4,1543,9.5,29.9,54.9,0.5,0.9,0,4.3,64.5,5.4,12.7,5.4,32.1,7.1
MEXIA ISD,5,1855,24.5,51.3,18.9,0,1,0.4,3.9,84.2,19.9,14.7,19.5,33,3.5
BOOKER ISD,2,355,0,77.7,20.8,0.6,0,0,0.8,71,33.2,9.9,33.2,43.1,3.9
FOLLETT ISD,1,176,0,30.7,65.3,2.3,0,0,1.7,58,9.7,15.3,9.7,43.2,8
DARROUZETT ISD,1,149,0,57,39.6,0.7,0,0,2.7,63.1,21.5,14.8,20.1,30.9,6
GEORGE WEST ISD,4,1036,0.5,57.6,39.5,0.5,0.4,0.1,1.4,56.1,4.2,11.4,4.2,21.4,8
THREE RIVERS ISD,2,573,0.5,64,33.5,0,0.2,0.3,1.4,66.5,4.9,15,4.7,24.1,9.2
LLANO ISD,4,1881,0.7,29.2,66,0.4,0.6,0.2,2.9,65.3,12.2,12.5,11.9,24.9,4.7
TEXAS TECH UNIVERSITY K-12,1,977,7.6,23.8,58.5,0.6,4.9,0.8,3.7,0,0,0.1,0,8.3,0
RISE ACADEMY,1,305,74.1,21,0.7,0.3,0,0,3.9,85.2,0,12.8,0,0,0
TRIUMPH PUBLIC HIGH SCHOOLS-LUBBOCK,1,178,10.1,81.5,6.7,0,0,0,1.7,87.1,2.2,16.3,2.2,47.8,0
BETTY M CONDRA SCHOOL FOR EDUCATION INNOVATION,1,185,8.1,42.7,41.1,0,1.1,0.5,6.5,72.4,0,45.9,0,0,0
LUBBOCK ISD,48,25551,13.6,60.1,21.5,0.5,1.8,0.2,2.4,72.2,5.9,13.5,6.3,19.2,8.1
NEW DEAL ISD,4,725,1.5,52,44.1,0,0,0.1,2.2,70.5,3.7,8.4,3.7,28.4,5.4
SLATON ISD,6,1279,5.4,64.4,28.2,0.1,0.2,0,1.6,75,4.5,17.1,4.5,27.4,6.6
LUBBOCK-COOPER ISD,10,7575,2.3,39.7,53.3,0.2,1.9,0.1,2.7,37.2,3.8,11.1,4.4,38.6,5
FRENSHIP ISD,12,10860,4,47.7,42.2,0.2,2.8,0.1,3.1,48.4,4.7,10.2,4.8,23.3,8.2
ROOSEVELT ISD,3,1110,2.7,57.9,36.7,0.5,0,0.5,1.8,77.6,4.4,14.1,4.3,28.6,4.9
SHALLOWATER ISD,6,1745,1.1,30.4,66.2,0.6,0.1,0.2,1.5,36.4,3.3,8.8,3.2,34.2,6.5
IDALOU ISD,3,1003,0.3,38.8,59.5,0.3,0.1,0,1,32.3,2.6,10.8,2.5,25.5,6.6
O'DONNELL ISD,1,296,0.3,63.2,34.1,0,0,0.3,2,69.6,6.1,13.9,6.1,28.7,13.9
TAHOKA ISD,3,597,1.8,59.8,36.7,0.3,0,0,1.3,61.5,2.3,13.9,2,29.1,8
NEW HOME ISD,1,586,0.2,21.8,76.6,0,0.2,0,1.2,13.1,1.9,4.3,1.9,18.6,7.5
WILSON ISD,1,126,4,73.8,20.6,0,0,0,1.6,83.3,7.1,12.7,7.1,27.8,13.5
MADISONVILLE CISD,4,2315,15.5,38.3,41.9,0.1,0.6,0,3.7,73.4,17.2,9.6,17.2,33.7,0.9
NORTH ZULCH ISD,1,315,0.6,15.2,78.7,0,1.9,0,3.5,63.5,2.2,12.1,2.2,34.9,2.2
JEFFERSON ISD,4,1160,28.8,7.1,58.5,0.1,0.5,0,5,74,1.3,18.4,1.3,27.5,6.6
STANTON ISD,3,1101,0.3,66.8,31,0.7,0.4,0.2,0.6,56.5,10,9.4,9.1,28.5,5.3
GRADY ISD,1,249,0,30.9,67.9,0,0.8,0,0.4,19.7,5.2,4.4,5.2,24.9,14.5
MASON ISD,3,755,0.1,37.4,60.7,0,0.1,0,1.7,50.7,10.1,9.1,10.1,25,16
BAY CITY ISD,5,3508,14.9,65.5,16.2,0.1,0.7,0.1,2.6,79.2,16.2,10.9,13.9,35.9,1.2
TIDEHAVEN ISD,4,1007,2.1,54.4,42.3,0.3,0,0.2,0.7,59.1,8.9,9.3,8.7,20.7,7.1
MATAGORDA ISD,1,101,0,41.6,48.5,0,2,0,7.9,72.3,5,11.9,5,17.8,6.9
PALACIOS ISD,4,1320,1.3,72.1,20.4,0.2,4.8,0,1.2,70.5,16.7,12.8,16.7,29.6,5.1
VAN VLECK ISD,4,1077,7.9,35,53,0.2,0.1,0.2,3.6,55.3,2.8,9.3,2.8,27.9,8.1
EAGLE PASS ISD,24,13358,0.1,97.5,0.9,1.3,0.1,0,0.1,83.1,42.9,10.7,41.7,32.1,6.8
BRADY ISD,3,960,1.3,39.5,56.5,0,0.6,0,2.2,69.4,3.5,13.1,3.5,26.6,6.1
ROCHELLE ISD,1,194,1,27.3,68,0,0.5,0.5,2.6,60.8,0,10.8,0,23.2,6.7
LOHN ISD,1,125,0,38.4,58.4,0,0,0,3.2,68,0.8,17.6,0,33.6,4
WACO CHARTER SCHOOL,1,193,23.3,72,3.1,0,0,0,1.6,86.5,30.1,20.7,30.1,0,3.1
RAPOPORT ACADEMY PUBLIC SCHOOL,3,855,33.1,46.4,17.2,0,0.4,0,2.9,75.3,9,17.7,9,22.2,0
HARMONY PUBLIC SCHOOLS - NORTH TEXAS,16,9866,25.5,44.1,13.8,0.4,13.4,0.1,2.6,66.5,30.8,9.9,29.8,29.3,9.4
CRAWFORD ISD,2,558,1.8,9.7,87.3,0,0.4,0.2,0.7,16.7,1.3,12.4,1.3,26.3,4.1
MIDWAY ISD,10,8394,11.1,25.2,54.2,0.2,4.3,0.2,4.8,32.6,3.9,12.3,3.9,29.9,9.9
LA VEGA ISD,5,3089,25.5,58.2,12.2,0.1,0.2,0.1,3.7,92.5,24.1,8.9,26.8,34.5,3.2
LORENA ISD,5,1764,1.9,16.6,77.4,0.5,0.7,0.1,2.9,28.3,2,10.4,1.9,40.8,7.8
MART ISD,3,533,20.8,21,48,0.4,0,0,9.8,70.9,3.6,9,3.6,20.3,7.7
MCGREGOR ISD,4,1492,6,44.8,41.6,4.2,0.3,0.4,2.7,62.4,12.7,11.3,11.7,24.7,5.8
MOODY ISD,4,687,5.5,36.4,52.7,0.7,0.3,0,4.4,62.6,10.6,16.9,10.2,29.5,7.1
RIESEL ISD,2,620,1.5,23.2,70.6,0.2,0.5,0,4,51.1,2.6,13.2,2.6,35.2,14.8
WACO ISD,25,14066,28,60.8,8.4,0.1,0.3,0,2.4,90.6,21.8,11.4,21.3,27.5,9.1
WEST ISD,4,1234,2.9,19.2,76,0,0.1,0.2,1.6,41,3.8,13.9,3.7,31.1,6.2
AXTELL ISD,4,757,1.6,20.1,74.9,0.8,0,0,2.6,47.3,0.4,15.3,0.4,30.4,5
BRUCEVILLE-EDDY ISD,6,609,1,32.5,63.7,0.5,0.7,0,1.6,55.7,2.8,17.4,2.8,30.5,8
CHINA SPRING ISD,5,2951,6.3,22.4,65.5,0.3,1.6,0,3.8,34.8,2.6,10.6,2.5,24.9,8.1
CONNALLY ISD,6,2270,32.2,38.6,24.1,0.2,0.3,0,4.6,83.7,11.9,11,11.9,30.4,5.2
ROBINSON ISD,6,2400,2.5,31.3,61.6,0.2,0.4,0.1,4,42.1,2.3,13.2,2.2,25.3,4.7
BOSQUEVILLE ISD,3,699,2.9,24.9,67.1,0.1,0.3,0.3,4.4,39.6,3.6,16.6,3.3,29.5,8.2
HALLSBURG ISD,1,162,2.5,23.5,72.8,0,0,0,1.2,50.6,4.3,6.8,4.3,0,5.6
GHOLSON ISD,1,231,3.9,26,66.2,0,0,0,3.9,68.4,3.9,15.2,3.9,29.4,1.3
MCMULLEN COUNTY ISD,1,283,0,39.9,58.3,0,1.4,0,0.4,27.6,1.4,7.1,1.4,33.9,7.8
DEVINE ISD,5,1961,0.3,66.9,31,0.2,0.1,0.2,1.3,62.9,5.3,15.2,4.9,23.9,5.4
D'HANIS ISD,1,296,0,44.6,54.1,0,1,0,0.3,44.9,0.3,12.5,0.3,30.4,12.2
NATALIA ISD,4,1143,0.3,83.6,15.1,0.1,0,0,1,73.1,9.7,13.7,8.7,23,4.8
HONDO ISD,4,1767,1.1,62.6,34.5,0.1,0.1,0.4,1.2,59.5,2.9,12,2.9,23.1,5
MEDINA VALLEY ISD,8,6757,5,64.1,25.6,0.3,0.9,0.2,3.8,47.8,6.3,13.7,5.8,32.8,5.6
MENARD ISD,2,297,1,43.8,52.9,0.3,0.3,0,1.7,69,4.7,10.1,5.1,23.2,4
MIDLAND ACADEMY CHARTER SCHOOL,1,363,8,58.4,30.9,0,1.4,0,1.4,40.5,4.1,5.5,3.9,0,8.3
MIDLAND ISD,41,26387,7.1,65,22.7,0.3,2.5,0.1,2.3,50.5,15.3,8.8,14.9,18.3,4.1
GREENWOOD ISD,4,3081,0.6,50.6,47.3,0.4,0.1,0,1.2,33.4,8.7,10.4,8.6,21.1,7.8
CAMERON ISD,4,1569,17,50.9,29.7,0,0.3,0,2.2,75.1,12.8,9.4,12.7,25.2,6.4
GAUSE ISD,1,163,8.6,41.7,44.8,0.6,1.2,0,3.1,68.1,9.2,6.7,9.2,0,4.3
MILANO ISD,3,409,2.9,26.7,66.3,0.2,0.7,0,3.2,49.4,4.9,5.6,4.6,41.1,7.6
ROCKDALE ISD,4,1416,9.5,50.5,35.8,0.1,0.8,0.1,3.2,71,5.7,8.4,5.7,29.7,4.4
THORNDALE ISD,3,594,0.3,29,68,0,0,0,2.7,48,11.1,10.3,11.1,36.7,4.2
BUCKHOLTS ISD,1,140,2.1,59.3,38.6,0,0,0,0,87.9,5,13.6,5,35.7,2.9
GOLDTHWAITE ISD,3,532,0,29.5,69.7,0,0.6,0,0.2,41.9,5.5,11.1,5.3,42.1,7.3
MULLIN ISD,4,195,14.4,34.4,48.7,0,0,0,2.6,89.7,5.6,22.6,5.6,43.6,1
PRIDDY ISD,1,123,0,23.6,73.2,0,1.6,0,1.6,78,0,10.6,0,47.2,10.6
COLORADO ISD,3,872,6.5,50.1,39.2,0,0.6,0,3.6,62.5,4.6,13.5,4.5,22.2,1.3
LORAINE ISD,1,133,4.5,60.2,31.6,1.5,0,0,2.3,61.7,3,17.3,3,34.6,8.3
WESTBROOK ISD,1,258,0.4,35.3,62.4,0.4,0,0,1.6,41.1,0,10.9,0,30.2,2.3
BOWIE ISD,3,1685,0.9,19.9,74.2,1.2,0.5,0.1,3.1,53.5,7.3,15.1,6.7,33.8,7.3
NOCONA ISD,3,805,0.9,31.2,63.4,0.1,0.6,0,3.9,58.8,13,17,12.7,25.7,8.7
GOLD BURG ISD,1,144,2.8,18.8,74.3,0,0,0,4.2,66,6.3,16,6.3,37.5,3.5
MONTAGUE ISD,1,148,0,9.5,87.8,0,0,0,2.7,38.5,0,12.2,0,13.5,4.1
PRAIRIE VALLEY ISD,2,147,0,10.2,81.6,0,0,0,8.2,58.5,0,13.6,0,39.5,6.1
FORESTBURG ISD,1,175,0.6,17.7,78.9,1.1,0,0,1.7,48,0,20,0,33.7,8.6
SAINT JO ISD,2,322,0,9.3,85.7,1.6,0,0.3,3.1,43.8,0,16.5,0,35.7,8.4
TEXAS SERENITY ACADEMY,1,341,53.7,44.3,1.5,0,0,0,0.6,79.2,27,7.9,27.6,0.6,0
CONROE ISD,61,67490,9.1,38.5,43.3,0.4,4.9,0.2,3.6,40.5,17.6,9.1,17.2,19.8,8.1
MONTGOMERY ISD,11,9328,3.4,17,75.1,0.3,0.8,0.1,3.3,31.4,2.8,10.3,3.2,39.4,7.3
WILLIS ISD,12,8395,7.3,37.4,50.8,0.4,0.8,0.1,3.2,56.9,15.7,10.3,15,29.4,6.2
MAGNOLIA ISD,17,13613,2.5,38,55.6,0.3,1.1,0.1,2.3,49,17.4,12.6,16.5,25.4,5.7
SPLENDORA ISD,7,4362,1.3,44.4,51.9,0.1,0.3,0,1.9,60.8,22,12.3,23.2,26.1,6.5
NEW CANEY ISD,20,17098,5.6,62.2,27.3,0.4,1.9,0.2,2.5,67.2,32.7,9.8,35.9,24,5.7
DUMAS ISD,9,4268,3.2,75.4,15.5,0.5,4.5,0,0.9,65.6,37,10.7,37,22.9,4.6
SUNRAY COLLEGIATE ISD,3,618,0.6,57.8,39.2,1.1,0,0,1.3,44,13.9,12.5,13.9,38.8,3.4
DAINGERFIELD-LONE STAR ISD,4,994,37.6,20.6,32.7,0.3,0.4,0,8.4,86.5,10.8,18.2,10.8,28.1,4
PEWITT CISD,3,866,13.3,15.6,61.7,0.2,0.2,0,9,73.8,6.9,17.4,6.9,32.9,3
MOTLEY COUNTY ISD,1,157,1.3,25.5,71.3,0,0,0,1.9,73.2,0,11.5,0,33.1,14.6
STEPHEN F AUSTIN STATE UNIVERSITY CHARTER SCHOOL,1,256,7.8,16,67.6,0,2.3,0,6.3,9.4,2.3,7,2.3,0,0
CHIRENO ISD,2,407,6.4,14.5,72.2,0,0.5,0,6.4,63.9,9.1,16.2,8.8,34.4,9.3
CUSHING ISD,2,554,4.9,16.8,72.7,0.5,0.4,0.2,4.5,61.2,5.2,15.3,5.1,27.4,10.1
GARRISON ISD,4,748,17.5,11.9,66.6,0.3,0.8,0,2.9,63.1,2.7,12.4,2.7,25.9,5.3
NACOGDOCHES ISD,10,5883,28.5,49,18.1,0.1,1.3,0,2.9,83,28.6,12.6,29.4,29.5,4.5
WODEN ISD,3,759,0.8,23.6,73,0.1,0.8,0,1.7,56.5,12.8,7.9,12.3,31.1,5.7
CENTRAL HEIGHTS ISD,3,1137,4.7,19.3,69.9,0.4,1.5,0,4.2,43,5.3,8.2,5.4,30.3,6.5
MARTINSVILLE ISD,1,344,3.2,21.2,67.7,0.3,0.3,0,7.3,51.5,8.4,11.9,8.1,40.1,6.7
ETOILE ISD,1,93,0,4.3,95.7,0,0,0,0,87.1,0,15.1,0,0,5.4
DOUGLASS ISD,1,456,4.4,14.3,75.7,0.7,1.3,0,3.7,41.4,7,9.2,6.4,49.3,5.5
BLOOMING GROVE ISD,3,903,2.2,32.1,59.2,0,0.8,0.4,5.2,56.6,17.2,8.4,15.7,26,5.1
CORSICANA ISD,8,5996,15.7,52.9,23.6,0.3,0.6,3.3,3.6,71.8,26.7,12.5,30.4,28.4,9.3
DAWSON ISD,2,525,6.5,25,64.2,1.9,0,0,2.5,59.6,8,14.3,7,28.2,7
FROST ISD,3,435,1.8,35.6,60,0,0,0.2,2.3,43,15.4,11.7,15.4,25.7,5.7
KERENS ISD,1,552,18.5,30.4,43.5,0,0.4,0.7,6.5,74.3,8.9,11.6,8.9,37.1,4.5
MILDRED ISD,2,831,2.9,20.1,71.6,0.4,1.2,0,3.9,46.7,4.1,9.7,3.7,38.3,7.2
RICE ISD,3,993,1.8,72,24,0.1,0,0,2.1,79.8,21.1,9.4,21,27,9.4
BURKEVILLE ISD,1,232,25.9,4.7,67.2,0,0,0,2.2,84.5,0,15.1,0,37.1,5.6
NEWTON ISD,3,958,33,4.1,56.9,0.2,0.4,0,5.4,76,0.2,17.5,0.2,39.2,9.4
DEWEYVILLE ISD,2,529,1.5,5.7,90.4,0.6,0.2,0,1.7,57.7,0.4,15.3,0.4,24.4,4.7
ROSCOE COLLEGIATE ISD,4,3076,14.1,52.5,22.9,0.1,7.2,0.1,3,62.9,8.1,3.1,5.9,7.5,2.3
SWEETWATER ISD,6,2052,6,53.5,36.7,0.1,0.6,0,3,72.3,3,16.6,2.9,29.3,5.3
BLACKWELL CISD,1,155,0,25.8,71.6,0,0.6,0,1.9,39.4,1.9,15.5,1.9,41.3,5.2
HIGHLAND ISD,1,225,0,13.3,85.8,0,0,0,0.9,25.8,0,9.3,0,34.2,11.6
DR M L GARZA-GONZALEZ CHARTER SCHOOL,1,166,5.4,91,2.4,0.6,0,0,0.6,95.2,15.7,7.8,15.7,0.6,0
CORPUS CHRISTI MONTESSORI SCHOOL,1,121,1.7,71.1,19.8,0,0.8,0.8,5.8,19.8,4.1,9.1,4.1,0,0
SEASHORE CHARTER SCHOOLS,2,495,0,18,75.6,0.4,2.4,0,3.6,0,0.8,7.9,0.8,2.8,6.9
AGUA DULCE ISD,2,400,1,74.5,24.3,0,0,0,0.3,77.5,1.5,7.5,1.5,20,2.3
BISHOP CISD,5,1457,0.6,86.2,12.4,0.2,0.1,0,0.4,63.7,4.6,13.1,4.4,32.9,4.4
CALALLEN ISD,6,3856,1.1,64.4,32.5,0.2,0.6,0,1.1,51.9,3.2,12.3,3.1,27,6.1
CORPUS CHRISTI ISD,57,33107,3.5,80.6,12.4,0.1,2,0.1,1.3,73,7.2,11.1,7.1,23.1,3.2
DRISCOLL ISD,1,272,0.4,92.6,5.5,0,0,0,1.5,91.2,2.9,10.3,2.9,0,3.3
LONDON ISD,4,1427,1.1,51.5,41.1,0.1,3.3,0.3,2.7,14.4,0.9,4.9,0.8,26.5,9.8
PORT ARANSAS ISD,3,524,0.2,19.5,74.8,0.4,0.6,0,4.6,29,2.3,9.9,1.9,26,7.8
ROBSTOWN ISD,6,2479,0.4,97.2,2.1,0,0,0.1,0.2,90.2,4.2,12,3.9,20.9,7.7
TULOSO-MIDWAY ISD,6,3745,1.1,82,15.8,0.1,0.2,0.1,0.9,63.4,8,9.4,7.5,28.7,5.8
BANQUETE ISD,3,858,0.5,84.1,15,0,0.1,0,0.2,60.7,2.7,11.7,2.3,28.7,5.8
FLOUR BLUFF ISD,7,5523,2.3,47.7,42.4,0.1,1.9,0.2,5.3,48.7,3,11.7,3,27.2,11.9
WEST OSO ISD,5,1964,9,87.8,2.4,0.2,0,0,0.7,99.1,7.9,11.3,7.2,22.5,7.1
PERRYTON ISD,6,2046,0,73.8,24.7,0.2,0.2,0,1.1,61.8,32.6,9.7,32.1,31.3,4.3
BOYS RANCH ISD,3,178,14.6,23.6,55.6,0.6,1.7,0,3.9,70.8,3.4,20.2,3.4,50,9.6
VEGA ISD,3,368,0,20.9,76.4,0,1.1,0,1.6,22.8,5.7,10.6,5.7,31.8,2.4
ADRIAN ISD,1,113,0,57.5,41.6,0,0,0,0.9,63.7,7.1,10.6,7.1,54,1.8
WILDORADO ISD,1,230,0,11.7,86.5,0,0,0,1.7,26.5,0,10,0,20,2.6
BRIDGE CITY ISD,4,3090,1.3,18.9,73.8,0.2,2.4,0,3.5,40.9,6.4,11.3,5.9,32.6,1.5
ORANGEFIELD ISD,3,1843,0.9,10.1,85,0.1,1,0,2.9,30.7,2.5,12.4,2.4,24.9,4.7
WEST ORANGE-COVE CISD,4,2555,54.1,21.6,16.2,0.2,0.4,0.2,7.3,90.5,7.4,11.3,6.8,22.6,5.4
VIDOR ISD,6,4254,0.4,8.7,87.6,0.3,0.9,0.1,2,58.1,2.4,14.7,2.4,24.1,5.9
LITTLE CYPRESS-MAURICEVILLE CISD,6,3223,7.2,12.3,75.4,0.4,1.2,0,3.4,50.5,2.8,15.1,2.6,27,3.6
GORDON ISD,1,264,0,26.5,70.1,0,0,0,3.4,56.4,11,8.7,9.5,40.5,6.4
GRAFORD ISD,1,321,0,13.4,81,0,0.3,0.3,5,52.6,4.4,10.3,4.4,28.7,14
MINERAL WELLS ISD,4,3228,3.1,41.8,50.8,0.3,0.9,0,3.1,74.8,14.7,12.3,13.8,30,3.6
SANTO ISD,2,496,0,18.5,76.4,1,0.2,0,3.8,40.1,4,10.3,4,27.6,9.3
STRAWN ISD,1,162,0,41.4,54.3,0.6,0.6,0,3.1,64.2,13.6,9.9,13.6,29,2.5
PALO PINTO ISD,1,84,0,16.7,81,0,2.4,0,0,50,3.6,3.6,3.6,0,4.8
PANOLA CHARTER SCHOOL,3,209,8.6,14.8,70.8,0,1,0,4.8,29.7,1,6.2,1,48.3,12.4
BECKVILLE ISD,2,686,6.1,9.8,80,0,0.1,0.1,3.8,31,2.5,12.2,2.5,31.8,1.9
CARTHAGE ISD,5,2668,20,19.2,56.7,0.3,0.4,0,3.3,59.2,8.6,12.5,8.5,38.7,6.1
GARY ISD,1,487,0,8,90.3,0.6,0.4,0,0.6,49.5,2.9,12.5,2.9,13.6,2.9
CROSSTIMBERS ACADEMY,1,149,2,13.4,81.9,0,0,0,2.7,47.7,0,11.4,0,67.8,0
POOLVILLE ISD,3,644,0,24.5,72.4,0.3,0.5,0.2,2.2,55.7,9.5,10.1,9.5,22,5.4
SPRINGTOWN ISD,6,3883,1.1,23,72,0.6,0.3,0.2,2.8,49.7,7.5,13.8,7.3,33.2,4.1
WEATHERFORD ISD,10,8005,2,29.3,63.7,0.7,0.6,0,3.7,47.5,9.7,16.3,9.4,41,7.1
MILLSAP ISD,3,1100,1.3,16.1,78.8,0.4,0.3,0.4,2.8,46,3,12.3,3,35.2,4.7
ALEDO ISD,10,7325,1.6,17.3,75.7,0.3,0.9,0,4.3,13.3,2.8,9.8,2.7,32.2,6.1
PEASTER ISD,3,1622,0.2,14,81.7,0.2,0.2,0.4,3.1,25.7,2.8,7.5,2.9,29.6,7.3
BROCK ISD,4,2002,0.4,11.4,84.5,0.3,0.5,0,2.7,6.9,1.6,8.1,1.6,21.7,5.5
GARNER ISD,1,244,0.8,23.8,71.3,0,0,0.4,3.7,54.9,4.1,18,4.1,23.8,7.4
BOVINA ISD,3,458,0,94.5,4.6,0.2,0,0,0.7,84.3,27.9,15.1,27.5,21.4,5.7
FARWELL ISD,3,585,0,53.2,45.8,0,0.2,0,0.9,49.6,17.4,12,17.3,26,6
FRIONA ISD,4,1078,0.2,90.2,8.9,0.1,0.1,0,0.6,72.9,36.8,10.7,34.6,22.5,3.3
LAZBUDDIE ISD,1,164,0,41.5,56.1,2.4,0,0,0,68.9,20.1,14.6,20.7,36,4.9
BUENA VISTA ISD,1,240,2.5,74.6,21.7,0,1.3,0,0,49.2,15.4,5.4,15.4,35.8,7.9
FORT STOCKTON ISD,5,2230,0.9,88.6,9,0.2,0.7,0.1,0.5,75.1,10.9,11.3,10.3,31.7,2.8
IRAAN-SHEFFIELD ISD,3,323,0,70.3,27.2,0,1.2,0,1.2,57,15.2,8.7,15.2,40.6,3.7
BIG SANDY ISD,1,529,0.9,8.9,66.2,19.8,0,0.2,4,58.6,0.4,13.4,0.4,23.1,5.3
GOODRICH ISD,3,244,11.9,48.4,36.5,1.2,0.4,0,1.6,82.8,25,9.8,25,28.7,0.4
CORRIGAN-CAMDEN ISD,3,817,22.4,42.4,29.6,0.1,0.9,0.1,4.5,73.8,9.1,11.5,8.7,40,8.3
LEGGETT ISD,2,219,8.2,20.5,68.9,0,0,0,2.3,82.2,2.3,12.8,2.3,18.7,2.3
LIVINGSTON ISD,7,4013,8.8,27.6,58.5,0.3,0.6,0,4.1,58.4,10,13.3,9.8,26.7,3.7
ONALASKA ISD,2,1213,2.6,11.3,81,0.2,1.5,0,3.4,80,1.8,13.2,1.7,30.5,4.6
AMARILLO ISD,55,30748,10.5,46.3,34.6,0.4,5,0.1,3,67.2,16.8,14,16.8,26.5,5.5
RIVER ROAD ISD,4,1340,1.4,30.3,63.6,0.4,1,0.1,3.2,55.2,5.4,16.8,5.1,34.2,3.3
HIGHLAND PARK ISD,3,826,2.3,46.9,42,0.8,5.6,0,2.4,57.1,8.2,12.8,8.1,25.2,1.9
BUSHLAND ISD,3,1546,1.4,17.5,77,0.2,0.5,0.1,3.4,17.6,1,14.3,1,34.9,8
MARFA ISD,1,270,0.7,90.4,7.4,0,0.4,0,1.1,54.1,15.6,12.2,15.2,20,0
PRESIDIO ISD,3,1046,0.3,97.8,0.4,0.1,1.3,0,0.1,90.4,59.6,7,59.1,25.3,9.9
RAINS ISD,4,1727,3.1,17.9,74.3,0.8,0.3,0.2,3.5,58.9,6.7,12.9,6.4,25.4,6.1
CANYON ISD,19,10659,2.9,28.6,64,0.5,1.6,0.1,2.3,34.2,3.1,12.3,3,22.6,3.9
REAGAN COUNTY ISD,3,812,0,84,14.9,0,0.7,0,0.4,58.6,17.7,11.6,16.9,25,6.2
BIG SPRINGS CHARTER SCHOOL,2,202,2.5,47,47,0.5,0,0.5,2.5,93.1,2.5,47,2,19.3,0
LEAKEY ISD,1,328,0,35.7,61.9,0,0,0,2.4,58.2,4.6,16.2,4.9,27.7,4
AVERY ISD,2,358,1.4,10.1,79.1,2,0.6,0,7,60.9,1.4,13.1,1.4,32.1,5.6
RIVERCREST ISD,3,684,3.4,17.5,71.5,1.2,0.1,0,6.3,67.5,5.8,10.4,5.6,24.4,8.6
CLARKSVILLE ISD,2,522,50.6,24.1,14.8,0.6,0,0,10,97.5,10.7,13.6,10.7,23.4,7.3
DETROIT ISD,3,528,5.1,6.3,82.8,0.4,0.2,0.2,5.1,64.8,0.4,15.7,0.4,36.2,7.4
PECOS-BARSTOW-TOYAH ISD,5,2671,0.9,91.2,6,0.3,1.4,0.1,0.1,67.4,14.6,9.3,12.4,28.9,4.3
BALMORHEA ISD,1,148,0,86.5,13.5,0,0,0,0,87.2,8.8,12.2,8.8,44.6,1.4
AUSTWELL-TIVOLI ISD,2,131,1.5,71,27.5,0,0,0,0,64.1,2.3,26.7,2.3,23.7,5.3
WOODSBORO ISD,2,437,3,58.1,38,0,0.2,0.2,0.5,61.3,0.2,19.5,0.2,26.1,6.2
REFUGIO ISD,3,689,8.3,67.9,22.1,0.4,0,0,1.3,74,5.4,16.3,5.4,24.2,1.7
MIAMI ISD,1,196,0,13.8,85.2,0.5,0,0,0.5,29.6,1,7.7,1,32.7,6.1
BREMOND ISD,3,496,14.1,15.3,66.9,0,0.8,0,2.8,49.8,4.2,9.3,4.2,28.8,3.8
CALVERT ISD,1,142,73.9,18.3,5.6,0,0,0,2.1,90.8,4.2,12,4.2,20.4,2.1
FRANKLIN ISD,3,1347,7,20,67.6,0.3,1.3,0.3,3.6,40.9,3.8,12.9,3.7,30.8,6.4
HEARNE ISD,3,737,44,43.4,9.5,0,0,0,3.1,96.9,18.6,16.8,18.5,27.7,1.5
MUMFORD ISD,2,611,4.7,53,40.4,0.3,0.3,0,1.1,58.4,20.1,8.5,19.5,18.2,19
ROCKWALL ISD,22,17818,10.5,24.2,56.9,0.6,3,0.2,4.6,25.8,9.2,11.8,9,23.1,8.3
ROYSE CITY ISD,9,7610,9.9,35.7,48.9,0.6,1.2,0.1,3.6,43,12.9,13.1,12.5,28.5,6.9
BALLINGER ISD,5,837,1.6,47.9,47.1,0,0.5,0,3,63.2,2.2,13.1,2.2,25.2,5.7
MILES ISD,4,486,0.6,37.2,61.3,0,0,0,0.8,45.7,8.6,8.6,8.6,41.4,7.6
WINTERS ISD,4,552,0.9,59.4,37,0,0.4,0,2.4,71.4,4.2,15.8,3.8,32.1,10.1
OLFEN ISD,3,141,0.7,38.3,59.6,0,0,0,1.4,74.5,1.4,14.2,1.4,27,5
HENDERSON ISD,5,3410,18.8,33.1,43.4,0.4,0.7,0.1,3.5,61,15.5,12.9,15.3,32.9,6.5
LANEVILLE ISD,1,156,36.5,34,23.7,0,0,0,5.8,84,14.7,15.4,14.7,39.7,4.5
LEVERETTS CHAPEL ISD,3,244,7,42.2,47.1,0,0,0,3.7,74.6,26.6,13.9,26.6,28.7,0
MOUNT ENTERPRISE ISD,2,467,10.3,8.4,75.8,0.2,1.7,0.4,3.2,65.7,4.1,13.9,4.1,33.4,5.8
OVERTON ISD,2,473,11.2,10.8,70.4,0.6,0.4,0.4,6.1,63.6,2.3,12.9,2.3,25.8,11.4
TATUM ISD,4,1470,16.8,33.7,45.7,0.3,0.3,0,3.2,53.9,16.1,9.4,14.9,35,8.6
CARLISLE ISD,1,607,4.1,53.7,39.7,0.2,0.2,0,2.1,77.3,38.6,13.7,27.8,29,4.9
WEST RUSK COUNTY CONSOLIDATED ISD,5,1038,11.5,28.2,54.6,0.8,0.2,0.1,4.6,73.1,11.8,12.9,11.3,25.4,5.7
HEMPHILL ISD,3,901,8.4,8.3,73.7,0.7,0.7,0.3,7.9,59.9,1.9,12.9,1.8,19,5.3
WEST SABINE ISD,2,559,8.1,5.4,82.6,0.5,0,0.2,3.2,73,0.5,15.9,0.5,36.1,5
SAN AUGUSTINE ISD,2,662,51.8,26.4,17.4,0,0.2,0,4.2,78.9,14.5,15.6,14.7,29.5,3.3
BROADDUS ISD,2,365,1.6,9.3,85.8,0,0,0,3.3,80.5,4.1,15.6,4.1,34.8,9.9
COLDSPRING-OAKHURST CISD,4,1586,14.4,12.5,67.7,0.3,0.3,0,4.9,65.6,1.8,14,1.7,27.6,6.6
SHEPHERD ISD,4,1909,3.7,40.2,50.3,0.2,0.2,0.1,5.4,79.5,20,12.7,19.1,25.9,5.7
ARANSAS PASS ISD,4,1674,2.2,63.4,31.7,0.2,0.5,0.1,1.9,77.7,9,9.6,8.7,18.7,4.6
GREGORY-PORTLAND ISD,6,4717,1.2,59.5,34.9,0.3,1.9,0.2,2,57.8,5.3,11.7,5,22.9,6.2
INGLESIDE ISD,5,1998,1.1,51.5,44.3,0.4,0.6,0.2,2.1,75.5,8.5,14,8.3,23.3,2.6
MATHIS ISD,4,1441,0.8,87.7,10.8,0.1,0.1,0,0.6,81.8,1.2,13.4,0.8,24.8,4.6
ODEM-EDROY ISD,4,837,0.6,84.6,13.6,0,0.1,0.1,1,68.8,2.4,8.8,2.5,25.3,8.2
SINTON ISD,5,2027,1.2,81.4,16.2,0.2,0.4,0,0.5,69.6,1.9,13.5,1.8,30.4,5.7
TAFT ISD,3,888,0.9,89,8.9,0.2,0,0.1,0.9,89.9,2.7,12.4,2.7,30,3.5
SAN SABA ISD,3,730,0,58.8,39.9,0,0.3,0.1,1,62.5,21.2,10.5,21,17.8,7.3
RICHLAND SPRINGS ISD,1,120,0,15.8,82.5,0.8,0,0,0.8,49.2,1.7,17.5,1.7,33.3,1.7
CHEROKEE ISD,1,126,3.2,22.2,69.8,1.6,0,0,3.2,53.2,0.8,11.9,0.8,41.3,2.4
SCHLEICHER ISD,3,499,0.2,72.1,26.5,0,0,0,1.2,64.5,11.6,8.2,11.6,29.7,5.2
HERMLEIGH ISD,1,258,1.9,43.8,51.6,0.4,0,0,2.3,46.1,6.2,8.5,6.2,32.6,8.5
SNYDER ISD,4,2551,2,67.2,27.6,0.3,1,0,1.9,66.2,12.3,11.5,13.2,33.1,5.1
IRA ISD,1,275,0.4,24,74.9,0,0,0,0.7,26.5,2.2,8.7,2.2,29.5,1.8
ALBANY ISD,2,510,2,17.5,76.1,0.4,0.6,0.2,3.3,40.4,2.5,11.6,2.7,35.9,3.3
MORAN ISD,1,114,2.6,11.4,83.3,0,0,0.9,1.8,85.1,0,17.5,0,40.4,0.9
CENTER ISD,5,2518,19.7,44.3,29.3,0.4,3.7,0,2.6,72.8,32.5,13.2,31.8,28,2.2
JOAQUIN ISD,3,681,3.7,13.2,79.6,0.4,0.3,0,2.8,60.2,7.2,24.7,6.9,29.2,3.8
SHELBYVILLE ISD,1,773,15.4,12.3,69.2,0,0.1,0,3,57.1,5,13.7,5,24.7,4.7
TENAHA ISD,1,472,25.8,48.5,23.7,0,0,0,1.9,91.1,21,18.9,21,36.9,4
TIMPSON ISD,1,643,24.1,16.2,56,0,0,0,3.7,65.2,6.7,14,7.6,37.9,1.2
EXCELSIOR ISD,1,68,2.9,25,69.1,1.5,0,0,1.5,72.1,14.7,7.4,14.7,11.8,0
TEXHOMA ISD,1,108,0.9,48.1,49.1,0,0,0,1.9,63.9,27.8,13,27.8,0,1.9
STRATFORD ISD,3,579,0.2,61.8,35.2,0.3,0.2,0,2.2,57.5,20.4,10.7,19.3,25.2,2.1
CUMBERLAND ACADEMY,4,1926,16.4,26.9,48.2,0.4,3.7,0.1,4.2,46.3,7.2,10.5,6.1,23.7,0
UT TYLER UNIVERSITY ACADEMY,3,853,6.7,19.5,64,0.6,4.1,0.1,5,33.5,2.5,9.1,2.5,37.9,7.6
ARP ISD,3,923,12.5,14.8,64,0.1,0.4,0,8.1,56.2,3.5,11.4,3.3,30.4,6.5
BULLARD ISD,6,2788,3.8,8.2,84.9,0.2,0.5,0.1,2.2,34.1,2.8,12.8,2.7,28.8,7.1
LINDALE ISD,6,4244,5.3,17.9,70.3,0.7,1.5,0,4.4,49.9,4,15.3,3.9,28.4,7.7
TROUP ISD,3,1050,11,12.3,71.7,0.5,0.5,0.2,3.9,53.2,4.1,11.5,4,26.5,7.4
TYLER ISD,26,18126,26.6,47.4,21.4,0.3,1.4,0,2.9,77.9,24.7,9.8,24.3,29,9.5
WHITEHOUSE ISD,7,4896,12.8,14.9,63.8,0.3,3,0.1,5.1,55.8,4.4,13,4.2,27.9,9
CHAPEL HILL ISD,5,3393,17.5,52,25.6,0.1,0.6,0.1,4.2,81.5,25.1,14,24.9,42.5,7
WINONA ISD,3,1077,17.5,34.4,43.3,0.1,0.5,0.2,4.2,86.4,17.1,14.9,16.8,30.9,3
BRAZOS RIVER CHARTER SCHOOL,1,182,12.6,25.8,57.7,0,1.1,0,2.7,54.4,2.2,23.1,2.7,39.6,0
GLEN ROSE ISD,4,1982,0.8,28.2,66.5,0.7,1,0.1,2.8,36.2,9.5,11,9.5,35.5,8.1
RIO GRANDE CITY GRULLA ISD,15,9007,0,99.6,0.2,0,0.2,0,0,95.8,77.7,10,77.7,28.1,20.3
SAN ISIDRO ISD,2,190,0,97.4,2.6,0,0,0,0,98.9,18.4,14.7,18.9,34.7,3.7
ROMA ISD,10,5621,0,99.6,0.4,0,0,0,0,85.7,81.6,8.1,81.6,23.9,9.8
BRECKENRIDGE ISD,4,1414,1.4,37.1,57.5,1.1,0.9,0,2,65.1,8.2,14.3,7.9,33.2,5.9
STERLING CITY ISD,5,337,0,43.6,54,0,0.3,0.3,1.8,48.1,9.5,18.1,10.1,35,1.5
ASPERMONT ISD,2,184,1.1,27.7,67.9,0,2.7,0,0.5,51.1,2.7,9.8,2.7,33.2,6
SONORA ISD,2,684,0,78.1,20.9,0,0.4,0,0.6,50.9,17.1,11.1,17,33.8,0.4
HAPPY ISD,2,259,0.4,13.9,83.8,0,0,0,1.9,33.2,4.2,12,4.2,35.9,3.1
TULIA ISD,3,943,8.4,68.4,21.8,0.1,0,0.1,1.2,83.6,8.4,14,7.8,24.4,3
KRESS ISD,2,271,6.6,56.8,34.7,0,0,1.5,0.4,65.3,6.3,7.7,6.3,25.1,1.8
TREETOPS SCHOOL INTERNATIONAL,1,323,7.7,22.3,53.6,0.3,5,0.6,10.5,20.4,0.9,6.8,0.9,22,0
ARLINGTON CLASSICS ACADEMY,3,1526,20.8,21.8,37.1,0.1,12.6,0.1,7.4,28,8.8,4.2,8.8,0,0
FORT WORTH ACADEMY OF FINE ARTS,2,653,16.4,22.1,49,0,4.7,0,7.8,15,5.5,6.3,6.1,40.6,100
WESTLAKE ACADEMY CHARTER SCHOOL,1,877,5.4,15.4,50.9,0.5,20.3,0,7.6,2.6,2.2,4.9,2.2,26.2,0
EAST FORT WORTH MONTESSORI ACADEMY,1,185,40.5,44.3,11.9,0,1.1,0,2.2,78.9,31.4,4.9,31.4,0,8.1
TEXAS SCHOOL OF THE ARTS,1,293,21.5,33.8,31.1,0,6.5,0.3,6.8,23.5,12.3,5.5,11.3,0,100
CHAPEL HILL ACADEMY,1,693,57.3,26.7,6.6,0.3,3,0.4,5.6,64.5,10.7,8.1,10.2,0.4,13.9
NEWMAN INTERNATIONAL ACADEMY OF ARLINGTON,7,3032,43,30.7,17.8,0.1,4.8,0.1,3.4,57,13.3,6.3,12.2,29.3,5.7
HIGH POINT ACADEMY,3,1431,14.2,31,46.9,0.2,1.8,0.1,5.7,88.7,7.5,10.1,7.1,11.3,6.8
ARLINGTON ISD,76,55594,26.6,47.5,17,0.4,5.3,0.2,2.9,72.8,30.3,9.9,30.1,22,10
BIRDVILLE ISD,32,22447,9.8,44.7,36.5,0.4,4.5,0.4,3.6,59.8,23.5,11.7,23.3,21,7.3
EVERMAN ISD,10,5457,34.1,59,3.7,0.2,0.7,0.1,2.2,93.2,33.7,11,33.5,45.5,3.4
FORT WORTH ISD,139,74326,20.5,64.8,11.1,0.1,1.6,0.1,1.8,85.2,37.6,10.7,36.8,27.8,12.1
GRAPEVINE-COLLEYVILLE ISD,21,13930,7.2,24.4,52.2,0.4,10.3,0.2,5.3,22.6,10.4,10,11.4,27.2,20.1
KELLER ISD,42,34336,10.4,24,50.4,0.3,8.6,0.2,6,25.9,10.4,12.2,10,30.6,8.5
MANSFIELD ISD,48,35240,32.1,26.5,28.2,0.3,7.9,0.1,4.9,42.3,12.1,10.6,12.4,25.9,6.7
LAKE WORTH ISD,6,3632,23.9,54.6,16.2,0.7,1.4,0.2,3,86.8,24.1,11,23.3,29.1,3.6
CROWLEY ISD,21,16227,47.5,33,11,0.4,3.7,0.2,4.2,72.2,17.1,11.8,17.2,26.6,7.7
KENNEDALE ISD,6,2836,26.8,27.8,36.2,0.1,3.5,0.4,5.2,45.3,12.1,9,12.1,37,9.9
AZLE ISD,12,6864,1.2,26.6,67.3,0.3,0.5,0,4.1,49.3,7.2,13.8,7,36.7,4.6
HURST-EULESS-BEDFORD ISD,31,22814,21.3,30.8,30.6,0.3,8.3,2.7,6,60.8,19.4,11.6,18.8,27.1,6.6
CASTLEBERRY ISD,8,3636,2.2,82.1,14.1,0.2,0.2,0.2,1.1,88.1,37,13.3,37.4,35.4,6.8
EAGLE MT-SAGINAW ISD,29,22381,16.4,39.1,34.5,0.3,4.9,0.3,4.5,44.2,13.6,12.2,13.1,23.6,6.9
CARROLL ISD,11,8382,1.9,10.8,59.5,0.3,21.6,0.1,5.9,1.4,3.3,7.6,3.3,20.5,24.6
WHITE SETTLEMENT ISD,9,6981,10.4,43.5,38.3,0.4,1.7,0.3,5.3,55.2,14.3,11.3,16.4,28.7,6.6
TEXAS COLLEGE PREPARATORY ACADEMIES,42,15236,15.2,32.1,38.7,0.4,8.4,0.1,5.2,39.5,11.8,6.8,10.9,8.2,0
ABILENE ISD,27,15274,12.5,46.5,34.9,0.2,1.2,0.2,4.4,65.2,5.4,15,5.5,27.9,8.4
MERKEL ISD,4,1082,0.6,27.4,69.1,0.7,0,0,2.1,50.1,2.5,19.4,2.5,39.9,4.4
TRENT ISD,1,138,5.1,22.5,71,0,0,0,1.4,64.5,1.4,18.8,1.4,36.2,4.3
JIM NED CISD,4,1576,0.8,13.5,82.9,0.3,0.1,0,2.3,20.2,0.6,12,0.6,31,7.9
WYLIE ISD,7,5097,4.6,22,65.3,0.2,2.8,0.2,4.8,20.8,2.2,9.4,2.1,30,5.6
TERRELL COUNTY ISD,1,133,0.8,63.2,34.6,0,0,0,1.5,51.9,5.3,22.6,5.3,33.1,9.8
BROWNFIELD ISD,5,1640,2.3,77.2,18.6,0.1,0.3,0.1,1.5,85.9,8.8,15.1,8.7,27.8,4
MEADOW ISD,1,270,0,71.1,27,0.4,0,0.4,1.1,69.6,5.2,10.4,5.2,32.6,2.2
WELLMAN-UNION CISD,1,284,0.4,43.3,56.3,0,0,0,0,53.2,14.4,10.6,14.4,38.4,4.6
THROCKMORTON COLLEGIATE ISD,1,156,1.3,14.1,84.6,0,0,0,0,38.5,0,5.8,0,46.2,5.8
WOODSON ISD,1,160,0,15.6,83.1,0,0,0,1.3,54.4,0,13.8,0,50,1.9
MOUNT PLEASANT ISD,9,5139,10.6,71.2,15.8,0.1,0.6,0,1.7,80.7,49.4,13.5,54.9,26.5,8.1
CHAPEL HILL ISD,3,1042,2.2,38.7,55.1,0.2,1.1,0,2.8,44,17.5,11.9,17.1,27.1,8.3
HARTS BLUFF ISD,2,804,1.7,51.2,43.9,0,0.9,0,2.2,61.7,31.7,9.2,35.1,16.5,2.1
TEXAS LEADERSHIP PUBLIC SCHOOLS,4,3511,19.8,50,25.1,0.2,0.8,0.1,4,52.9,3.2,7.9,2.9,22.3,0
CHRISTOVAL ISD,2,562,0,26.7,69.6,0.4,0.4,0,3,28.6,0.2,13.2,0.2,38.3,4.3
SAN ANGELO ISD,23,13798,3.5,60.9,31.3,0.2,1.1,0.1,2.8,63.1,5.4,12,5.4,15.5,4.2
WATER VALLEY ISD,6,350,1.4,28.9,61.4,0.3,0,0,8,47.4,2.3,19.7,2.3,34.3,4
WALL ISD,6,1283,0.2,19.6,77.8,0.4,0.2,0.2,1.7,17.5,1.1,7.3,1.1,27,9.4
GRAPE CREEK ISD,6,1132,0.5,46.5,51,0.2,0.1,0.1,1.7,67,5,21.5,5,29.9,6.1
VERIBEST ISD,4,277,0.4,32.5,65,0,0.4,0,1.8,40.1,5.8,11.9,5.1,26,4.3
UNIVERSITY OF TEXAS AT AUSTIN H S,1,666,7.1,35.4,42,0.6,8.9,0.2,5.9,14.3,2.3,5.9,2.1,47.6,12.6
WAYSIDE SCHOOLS,4,1643,5.1,81.7,10.2,0.4,0.4,0,2.3,79.2,43.5,12,42.7,10.4,0
NYOS CHARTER SCHOOL,2,1422,14.4,30.4,36.1,0.1,13.6,0.1,5.2,33.6,22.2,9.9,21.4,22.9,0
TEXAS EMPOWERMENT ACADEMY,2,392,86.2,10.7,0.5,0,0.3,0.8,1.5,58.4,0,9.7,0,3.8,0
UNIVERSITY OF TEXAS UNIVERSITY CHARTER SCHOOL,21,532,16.7,29.7,47.9,1.5,0.8,0.2,3.2,50,3.9,40.6,3.9,21.8,0.4
CHAPARRAL STAR ACADEMY,1,354,4,18.6,45.8,1.1,22.6,0,7.9,6.8,12.7,2.5,12.4,25.4,0
HARMONY PUBLIC SCHOOLS - CENTRAL TEXAS,7,4224,10.7,52.3,15.2,0.1,19.2,0,2.3,66.5,48.5,7,47.4,21.9,11.1
CEDARS INTERNATIONAL ACADEMY,2,496,9.7,81.7,6.5,0.2,0.2,0,1.8,81.9,52.2,16.3,52.2,11.9,2.4
UNIVERSITY OF TEXAS ELEMENTARY CHARTER SCHOOL,1,302,15.2,65.9,12.3,0,2.6,0,4,60.9,14.2,13.9,14.2,0,3.3
KIPP TEXAS PUBLIC SCHOOLS,58,32318,26.5,68.5,1.6,0.5,2,0.1,0.9,91.1,37.7,8.7,36.1,9,0
AUSTIN DISCOVERY SCHOOL,1,430,1.6,22.6,67.9,0.5,0.7,0.7,6,11.2,0.7,13.7,0.7,0.5,0
VALERE PUBLIC SCHOOLS,4,1018,4.7,91.7,3,0,0.1,0,0.4,89.7,33.6,8.6,33.4,2.3,0
AUSTIN ACHIEVE PUBLIC SCHOOLS,4,2312,8.8,87.2,2.9,0.1,0.2,0,0.9,90.2,54.8,9.8,51.2,13.8,0
MONTESSORI FOR ALL,1,470,11.9,46.2,31.5,0,3.8,0,6.6,44.3,22.6,8.3,22.6,0,0
THE EXCEL CENTER - FOR ADULTS,5,844,19.2,56.5,20,0.8,1.5,0.4,1.5,91.1,20.5,2.1,20.4,69.1,0
VALOR PUBLIC SCHOOLS,2,1378,3,25.4,58.8,0.1,5.7,0,7,22.4,5.4,8.1,5.2,0.4,0
AUSTIN ISD,123,71883,6.3,54.4,30.9,0.2,4.4,0.1,3.8,50.9,29.3,13.1,32.5,26.2,12.4
PFLUGERVILLE ISD,33,25348,15.5,48.5,22.4,0.2,8.4,0.2,4.8,45.7,25.3,12.2,25.5,24.8,7.6
MANOR ISD,15,9029,20.2,65.6,6.9,0.3,4,0.1,2.8,79.1,44.7,10.1,45,28.6,9.6
EANES ISD,10,7809,0.8,15.2,64.6,0.1,13.3,0.1,6.1,3.6,2.4,9.8,2.3,20.6,9.9
DEL VALLE ISD,14,10853,8.9,83.7,4.6,0.1,1.1,0,1.6,89.3,45.7,15.2,47.5,28.5,4.7
LAGO VISTA ISD,4,1803,0.6,27.6,65.5,0.6,0.2,0.2,5.4,21.9,6.8,11.3,6.8,31.3,6.9
LAKE TRAVIS ISD,11,10953,1.6,20.1,67.2,0.3,5.7,0.1,5,9.9,7,10.6,6.8,35.1,8.6
GROVETON ISD,2,741,5.4,15.7,74.8,0.1,0.7,0.1,3.2,59,1.5,17.1,1.5,25.5,7
TRINITY ISD,3,1159,14.1,26.7,52.9,0,0.4,0.1,5.8,87.9,9.1,10.4,9,27.9,3.8
CENTERVILLE ISD,1,137,0,2.9,97.1,0,0,0,0,56.2,0,12.4,0,36.5,5.8
APPLE SPRINGS ISD,2,205,4.4,7.8,85.9,0.5,1,0,0.5,59.5,0,15.1,0,28.3,7.8
COLMESNEIL ISD,2,453,1.8,6.6,88.5,0.2,0,0.4,2.4,71.3,0,10.4,0,23.6,0.4
WOODVILLE ISD,4,1263,22,12.2,55.8,2.8,0.7,0,6.5,75.4,4.9,15.8,4.8,29.7,5.6
WARREN ISD,4,1262,0.9,6.3,88.3,0.6,0.7,0.2,3,59.1,1.3,13.5,1.3,26.3,5.5
SPURGER ISD,2,369,0,9.2,88.3,0.3,1.1,0,1.1,65.9,3,16.5,3,33.6,6.5
CHESTER ISD,2,212,1.4,4.7,86.3,0,0,0,7.5,56.6,0,9.4,0,33.5,2.4
BIG SANDY ISD,3,655,8.5,13.9,68.7,0.5,0.2,0,8.2,73,6.6,16.3,6.3,29.2,4.9
GILMER ISD,4,2676,9.5,22.6,58.7,0.6,0.3,0.1,8.2,85,9.7,10.3,9.3,24.4,5
ORE CITY ISD,3,861,3.9,21.6,68.3,0.5,0.3,0.1,5.2,68.6,8.7,11.6,8.5,24.6,3
UNION HILL ISD,2,284,5.6,14.4,73.9,0.7,1.8,0,3.5,69,2.8,9.5,2.1,34.2,1.4
HARMONY ISD,4,1036,0.9,20.1,76.3,0.2,0.5,0,2.1,54.5,6.1,8.3,6.1,37.1,6.6
NEW DIANA ISD,3,1214,7,11.3,75.2,0.5,0.1,0,5.9,41.3,1.5,6.1,1.5,28.1,4.7
UNION GROVE ISD,3,701,0.3,9.1,86.7,1,0.1,0.1,2.6,42.2,2.3,7.4,2.3,33.5,8.4
MCCAMEY ISD,3,521,3.5,75.2,19.4,0.8,0,0,1.2,66.6,4.8,10.9,4.6,20.3,5.8
RANKIN ISD,1,312,0.3,44.9,52.2,0,0.6,0,1.9,40.1,9.9,9.9,9.6,35.9,0.6
KNIPPA ISD,1,412,0,59.2,37.9,0.2,2.4,0,0.2,32,3.9,10.2,3.9,18.2,8.7
SABINAL ISD,3,393,0,85.5,13,0,0,0,1.5,79.1,4.8,19.3,4.8,24.4,8.1
UVALDE CISD,8,4103,0.4,90.5,8.3,0,0.4,0,0.3,80.7,7,10.6,16.8,22.1,8.1
UTOPIA ISD,1,212,0.5,24.1,73.6,0,0.5,0,1.4,42.5,3.8,13.2,3.8,42,3.8
SAN FELIPE-DEL RIO CISD,15,9851,0.5,93.3,5.3,0.1,0.3,0,0.4,72.1,19.1,13.3,18.6,28.2,7.7
COMSTOCK ISD,1,240,0.8,59.2,39.2,0,0.4,0,0.4,36.3,3.8,8.8,5,34.6,6.7
RANCH ACADEMY,1,75,8,12,69.3,1.3,1.3,0,8,85.3,0,25.3,0,17.3,0
CANTON ISD,4,2273,2.6,15.3,77.1,0.5,1,0,3.5,45,4,9.4,4,30.7,5.1
EDGEWOOD ISD,4,1027,3.3,13.4,80,0.1,0.3,0,2.8,48,2.4,14.1,2.4,37.1,7.5
GRAND SALINE ISD,5,1173,0.8,26.6,70.1,0.3,0.4,0,1.8,58.1,12.8,13,12,26.7,5.5
MARTINS MILL ISD,2,511,2.5,23.3,71.8,0.2,0.2,0,2,48.9,10.8,10.2,10.6,31.9,8
VAN ISD,5,2366,2.7,22.6,69.4,0.1,0.3,0,4.9,60.6,7,11.7,6.8,41.5,6.8
WILLS POINT ISD,5,2628,4.8,29.5,61.3,0.6,0.4,0,3.3,62.2,12.9,14.4,12.6,32.6,6.5
FRUITVALE ISD,3,427,0.9,14.1,79.2,0,0.5,0,5.4,64.9,4.4,15.2,4.2,26.5,8.4
BLOOMINGTON ISD,5,825,3.4,83.8,11.6,0,0,0,1.2,85.9,19.8,14.2,19.6,17.9,3.9
VICTORIA ISD,28,13253,5.9,67.3,23.9,0.3,0.9,0,1.8,68.8,7.3,12.8,7.2,25.9,5.5
NURSERY ISD,1,136,0.7,33.1,62.5,0,0.7,0,2.9,45.6,3.7,11.8,3.7,0,8.1
RAVEN SCHOOL,1,29,24.1,37.9,31,0,3.4,0,3.4,100,6.9,51.7,6.9,6.9,0
SAM HOUSTON STATE UNIVERSITY CHARTER SCHOOL,1,432,20.4,24.8,46.8,0.2,2.1,0,5.8,26.6,8.1,9.7,6.9,0,4.2
NEW WAVERLY ISD,4,994,13.5,13.9,65.3,0.4,0.3,0,6.6,51,3.3,10.6,3.2,25.8,6.7
HUNTSVILLE ISD,11,15260,19.5,43.1,29,0.6,5.2,0.1,2.4,56.3,11.8,10.8,10.6,22.8,6.3
HEMPSTEAD ISD,4,1584,25.4,61.6,11.6,0,0.4,0.1,0.9,87.9,33.9,9.8,32.4,37.5,7.1
WALLER ISD,8,8367,10.6,56.8,29.1,0.3,1,0.1,2.3,68,31.2,13.5,31.1,26.3,5.5
ROYAL ISD,4,2572,15.4,73.9,8.7,0.2,0.4,0,1.4,76,44.9,10.6,44.8,33.1,2.3
MONAHANS-WICKETT-PYOTE ISD,6,2039,4.4,62.3,31.7,0.4,0.5,0.1,0.5,30.9,10.3,16.9,9.9,23.4,3
GRANDFALLS-ROYALTY ISD,1,147,3.4,64.6,28.6,0,0,0,3.4,61.9,1.4,16.3,1.4,34,0.7
BRENHAM ISD,7,4866,19.9,37.7,38.1,0,1.5,0,2.8,53.2,13,15,12.9,34,6.2
BURTON ISD,2,519,9.2,16.8,69.9,0.4,0,0.2,3.5,48.2,5.2,11.2,4.6,41.4,6
TRIUMPH PUBLIC HIGH SCHOOLS-LAREDO,2,182,0,100,0,0,0,0,0,97.3,58.2,11.5,64.3,43.4,0
LAREDO ISD,30,19716,0,99.6,0.3,0,0.1,0,0,96.5,55.2,9.8,55.2,34.5,14.5
UNITED ISD,50,39243,0.1,98.9,0.6,0,0.3,0,0,75.5,37.7,11.8,39.9,37.7,14.1
WEBB CISD,4,264,0,95.8,4.2,0,0,0,0,81.8,9.5,14.8,9.1,6.8,4.9
BOLING ISD,3,1141,8.8,54.4,35.2,0,0.3,0.1,1.2,52.3,8.3,8.3,7.4,27.1,5.3
EAST BERNARD ISD,3,954,6.7,32.3,59.6,0,0.6,0,0.7,38.6,5.9,9.4,5.7,29.8,11
EL CAMPO ISD,5,3404,9.2,65.9,23.2,0.2,0.4,0.1,1,75.1,12.5,11.5,12.3,28.4,7.3
WHARTON ISD,4,1960,25.5,61.1,10.4,0.1,0.8,0.1,2,84.3,14.1,12.7,13.4,23.1,7.6
LOUISE ISD,3,518,3.1,59.3,36.9,0,0.4,0,0.4,63.7,13.1,8.3,13.1,30.9,2.5
SHAMROCK ISD,3,381,4.2,33.6,54.1,1.6,0,0,6.6,61.4,4.5,18.4,3.9,26.2,2.1
WHEELER ISD,1,406,0,56.9,40.1,0.7,0,0,2.2,67.5,22.2,10.6,21.9,28.8,0.5
KELTON ISD,1,137,4.4,23.4,64.2,0,1.5,0,6.6,67.2,5.8,12.4,5.8,30.7,11.7
FORT ELLIOTT CISD,1,159,0,7.5,91.2,0,0,0,1.3,30.8,0.6,10.7,0.6,20.1,0
BURKBURNETT ISD,7,3307,6.7,18.7,64.5,0.8,1.2,0.2,8,50.1,2.1,15.3,2.1,24.2,7.2
ELECTRA ISD,2,454,4.4,13.7,74.4,0.2,0,0.2,7,67.8,0.7,16.1,0.7,31.1,4.8
IOWA PARK CISD,4,1921,0.4,12.2,82.6,0.5,0.5,0.1,3.7,37.7,0.6,15.3,0.6,22.4,8.4
WICHITA FALLS ISD,26,13371,13.6,38.5,38.5,0.4,2.2,0.1,6.7,65.8,10.7,14.8,10.6,20.7,5.7
CITY VIEW ISD,3,1121,12.3,34.1,43.4,1.3,0.9,0,7.9,72.8,2.8,18.9,2.8,33.8,5.3
HARROLD ISD,1,105,1,23.8,72.4,2.9,0,0,0,54.3,0,9.5,0,21,10.5
VERNON ISD,6,1862,6.6,47.8,31.5,0.6,7.9,0.1,5.4,74.2,14.8,16.8,14.7,19.4,3.7
NORTHSIDE ISD,1,236,2.1,24.6,64.4,1.3,1.3,0,6.4,33.1,0,10.2,0,23.7,5.9
LASARA ISD,2,327,0,100,0,0,0,0,0,86.9,14.4,11.3,13.8,2.8,8.9
LYFORD CISD,3,1428,0.1,96.9,2.8,0.1,0,0,0.1,79.8,8.8,11,8.5,47.5,8.1
RAYMONDVILLE ISD,5,1959,0.1,98.1,1.4,0.2,0.2,0,0.2,88.3,7.6,14.4,7.1,22.9,8
SAN PERLITA ISD,3,223,0.4,93.3,5.8,0,0,0,0.4,77.6,11.7,11.2,11.2,26.5,4.5
MERIDIAN WORLD SCHOOL LLC,1,1683,8.3,17.1,33.3,0.4,34.9,0.3,5.8,5.7,9.8,9.7,9.2,8.5,0
GOODWATER MONTESSORI SCHOOL,1,369,4.6,27.4,50.1,1.1,7.6,0,9.2,36.6,7.3,9.5,5.4,0,0.5
FLORENCE ISD,4,1114,0.8,49.7,46.9,0.3,0.3,0.1,1.9,61.8,29.2,13.4,28.5,26.6,5
GEORGETOWN ISD,21,12566,5,44.3,43.5,0.4,2.1,0.2,4.5,34.9,15.6,13.2,18.2,30.5,6.5
GRANGER ISD,1,506,2.2,47.4,47.2,0,0.4,0,2.8,61.5,15,9.7,15,26.1,3.2
HUTTO ISD,12,8932,13.4,46.1,32.1,0.2,1.9,0.1,6.3,39.2,13.4,14.7,15,33.4,4.8
JARRELL ISD,5,2882,7,55.9,30.8,0.1,1.2,0.3,4.6,52.9,19.4,14.2,19.5,22.9,3.2
LIBERTY HILL ISD,11,6824,2.1,24.8,63.8,0.3,3.4,0.1,5.5,20.6,5.4,12.5,5.8,26.4,6.9
ROUND ROCK ISD,57,45990,8.3,30.2,35.9,0.4,20.2,0.2,4.9,22.2,13.1,10.7,13.5,28.7,12.7
TAYLOR ISD,7,3014,8.2,63.1,25,0.3,0.6,0.4,2.5,49.8,16.2,12.6,16.1,38.7,7.1
THRALL ISD,3,786,2.3,30.9,63.2,0,0.5,0,3.1,29.4,4.3,10.7,4.3,39.6,5.3
LEANDER ISD,46,41543,4.5,26.3,50.4,0.3,12.3,0.1,6.1,18.5,9.6,13.2,10.3,23.5,20.4
COUPLAND ISD,1,263,0,54.4,40.7,0.8,2.3,0,1.9,57.4,28.5,8.7,28.5,0,4.6
FLORESVILLE ISD,5,4010,1.3,66.5,29.4,0.1,0.5,0.2,1.9,53.6,7.8,10.1,9.7,29.3,7.9
LA VERNIA ISD,5,3356,1,32.7,63.6,0.4,0.1,0,2.2,23.4,3.5,12.4,5.2,28,8
POTH ISD,4,909,0.7,44.4,53.8,0.2,0.1,0,0.8,27.8,6.5,12,6.2,36.1,8.3
STOCKDALE ISD,4,813,0.2,48.1,48.6,0.2,0,0.2,2.6,38.7,3.6,15.7,3.6,18.3,11.2
KERMIT ISD,3,1270,1.7,81.5,15,0.5,0.6,0,0.9,73.9,21.1,11.5,20.9,24.6,3.1
WINK-LOVING ISD,2,407,0.7,45.7,51.4,0.2,0.2,0,1.7,36.9,5.2,13,5.2,30,5.2
ALVORD ISD,3,786,0.1,13.2,85,0.9,0,0,0.8,42.1,3.8,16.8,3.8,27,10.6
BOYD ISD,4,1228,0.7,18.4,76.3,1,0.4,0.2,3,55.9,5.3,9.6,4.6,31.3,4
BRIDGEPORT ISD,4,2027,0.5,51.9,44.3,0.3,0.2,0,2.8,62.9,28.2,13.9,30.5,26.4,3.7
CHICO ISD,3,576,0.9,30.9,64.6,0.5,0,0,3.1,51.6,11.5,12.5,11.5,28.6,5.9
DECATUR ISD,6,3600,0.8,35.7,59.4,0.9,0.6,0.1,2.5,38.4,14.9,14.3,16,26.7,8.2
PARADISE ISD,4,1281,0.7,16.2,80.2,0.5,0.1,0.2,2.1,30.3,3.1,13.3,3.1,29.4,9.1
SLIDELL ISD,1,383,0.3,25.8,72.1,0.3,1.3,0,0.3,37.9,13.1,12.8,13.1,19.3,4.7
HAWKINS ISD,2,747,7.6,7,80.7,0,0.1,0.4,4.1,65.7,2.1,10.2,2.1,33.7,9.4
MINEOLA ISD,4,1631,4.2,32.3,55.6,0.9,1.2,0,5.8,54.4,11.9,12.7,10.9,26.1,3.7
QUITMAN ISD,3,1176,2.4,16.7,77,0,0.2,0.1,3.7,70.2,5.5,13.8,5.5,27.3,5.6
YANTIS ISD,2,368,0,31,66.6,0.3,0,0,2.2,63.6,12.2,9.2,12.2,31.5,3.8
ALBA-GOLDEN ISD,3,857,0.5,11,85.2,0,0.1,0.1,3.2,48.3,2.3,14.1,2.3,31.4,4.8
WINNSBORO ISD,4,1532,2,18.6,74.9,0.5,1,0,2.9,63.1,8.6,15.3,8.4,44.4,6
DENVER CITY ISD,4,1596,0.6,83.5,14,0.1,0.8,0,1,67.1,20.2,9.2,19.2,28.8,5.6
PLAINS ISD,3,410,0,69.3,29.8,0.2,0,0,0.7,68.8,13.7,9.5,13.7,27.1,5.1
GRAHAM ISD,4,2293,1.3,30.7,65.1,0.3,0.2,0.1,2.3,58.9,12.3,15.5,10.5,32,2
NEWCASTLE ISD,1,212,0,20.3,77.8,0,0,0,1.9,62.7,1.4,17,1.4,29.7,2.8
OLNEY ISD,3,696,1.9,36.8,57.8,1.1,0.6,0,1.9,64.2,7.8,16.2,7.8,40.1,3.7
ZAPATA COUNTY ISD,6,3284,0,99.3,0.5,0,0.1,0,0.1,88.1,31.6,13.2,31,31.3,7.1
CRYSTAL CITY ISD,5,1779,0.1,99.4,0.4,0,0.1,0,0,84.7,2.1,13,1.9,28.3,5.2
LA PRYOR ISD,2,484,0.6,94.6,4.8,0,0,0,0,90.5,4.3,13.2,4.1,24.8,5.4