DISTRICT NAME,TOTAL NUMBER OF SCHOOLS,TOTAL STUDENTS,Total OPERATING AND OTHER REVENUE PER PUPIL,Total OPERATING REVENUE (2020-21),DISTRICT SIZE
CAYUGA ISD,3,574,19814,10525571,500 to 999
ELKHART ISD,4,1150,13787,15623002,"1,000 to 1,599"
FRANKSTON ISD,3,808,13845,9815575,500 to 999
NECHES ISD,2,342,14925,4573108,Under 500
PALESTINE ISD,6,3360,17549,45806947,"3,000 to 4,999"
WESTWOOD ISD,4,1332,13538,18204035,"1,000 to 1,599"
SLOCUM ISD,2,361,14588,5164875,Under 500
ANDREWS ISD,6,4131,13569,44889510,"3,000 to 4,999"
PINEYWOODS COMMUNITY ACADEMY,4,995,11489,11036573,500 to 999
HUDSON ISD,5,2799,12268,32194381,"1,600 to 2,999"
LUFKIN ISD,17,7318,14825,95191197,"5,000 to 9,999"
HUNTINGTON ISD,5,1612,12981,19541698,"1,600 to 2,999"
DIBOLL ISD,6,1744,16346,22604825,"1,600 to 2,999"
ZAVALLA ISD,2,300,17601,4717700,Under 500
CENTRAL ISD,4,1451,12815,17719978,"1,000 to 1,599"
ARANSAS COUNTY ISD,4,3005,13337,38429961,"3,000 to 4,999"
ARCHER CITY ISD,2,506,16510,7059532,500 to 999
HOLLIDAY ISD,3,1126,12906,12388827,"1,000 to 1,599"
WINDTHORST ISD,3,530,13389,5633549,500 to 999
CLAUDE ISD,1,307,13914,4232228,Under 500
CHARLOTTE ISD,3,397,19196,7132400,Under 500
JOURDANTON ISD,7,1569,15108,20057316,"1,000 to 1,599"
LYTLE ISD,5,1740,12902,20841304,"1,600 to 2,999"
PLEASANTON ISD,6,3374,15213,46926064,"3,000 to 4,999"
POTEET ISD,4,1676,12784,18625232,"1,600 to 2,999"
BELLVILLE ISD,5,2191,13481,25799135,"1,600 to 2,999"
SEALY ISD,4,2814,12516,30655693,"1,600 to 2,999"
BRAZOS ISD,3,766,15723,11322955,500 to 999
MULESHOE ISD,4,1347,15147,19179772,"1,000 to 1,599"
MEDINA ISD,1,265,23733,5779760,Under 500
BANDERA ISD,4,2301,11995,24432441,"1,600 to 2,999"
BASTROP ISD,14,11947,12470,121266695,"10,000 to 24,999"
ELGIN ISD,8,4985,14067,56420871,"3,000 to 4,999"
SMITHVILLE ISD,4,1780,14639,22725386,"1,600 to 2,999"
MCDADE ISD,2,319,14838,4763595,Under 500
SEYMOUR ISD,3,618,14392,8427246,500 to 999
ST MARY'S ACADEMY CHARTER SCHOOL,1,401,13897,5433150,Under 500
BEEVILLE ISD,5,2996,12060,36596267,"1,600 to 2,999"
PAWNEE ISD,1,498,23851,6745064,Under 500
PETTUS ISD,2,377,20691,6108709,Under 500
SKIDMORE-TYNAN ISD,3,785,16689,12200278,500 to 999
RICHARD MILBURN ALTER HIGH SCHOOL - KILLEEN,9,1590,9428,17499287,"1,000 to 1,599"
PRIORITY CHARTER SCHOOLS,4,836,12575,10508434,500 to 999
ORENDA CHARTER SCHOOL,5,1900,10828,20010043,"1,600 to 2,999"
ACADEMY ISD,4,1749,11840,18471582,"1,600 to 2,999"
BARTLETT ISD,1,394,16606,6132531,Under 500
BELTON ISD,17,13298,12798,141917762,"10,000 to 24,999"
HOLLAND ISD,3,656,18652,11462359,500 to 999
KILLEEN ISD,53,43839,12271,509570529,"25,000 to 49,999"
ROGERS ISD,4,893,13138,10764439,500 to 999
SALADO ISD,4,2233,12656,21026817,"1,600 to 2,999"
TEMPLE ISD,17,8395,14320,104788890,"5,000 to 9,999"
TROY ISD,4,1636,13348,17835545,"1,600 to 2,999"
POR VIDA ACADEMY,2,124,39319,5347318,Under 500
GEORGE GERVIN ACADEMY,2,776,14464,12583565,500 to 999
NEW FRONTIERS PUBLIC SCHOOLS INC,1,149,14547,7055533,Under 500
LEGACY TRADITIONAL SCHOOLS - TEXAS,4,353,19158,6782038,Under 500
SOUTHWEST PREPARATORY SCHOOL,6,794,16324,13875022,500 to 999
INSPIRE ACADEMIES,6,636,23245,13365826,500 to 999
BEXAR COUNTY ACADEMY,1,261,13931,3817189,Under 500
POSITIVE SOLUTIONS CHARTER SCHOOL,1,93,14235,1693991,Under 500
HERITAGE ACADEMY,5,572,14617,7789738,500 to 999
JUBILEE ACADEMIES,13,5764,12526,77234031,"5,000 to 9,999"
LIGHTHOUSE PUBLIC SCHOOLS,3,408,12841,4147581,Under 500
SCHOOL OF SCIENCE AND TECHNOLOGY,7,3972,10871,35592167,"3,000 to 4,999"
HARMONY PUBLIC SCHOOLS - SOUTH TEXAS,8,4459,12466,55261076,"3,000 to 4,999"
BROOKS ACADEMIES OF TEXAS,4,3141,12179,35542005,"3,000 to 4,999"
SCHOOL OF SCIENCE AND TECHNOLOGY DISCOVERY,6,5288,10572,50798204,"5,000 to 9,999"
HENRY FORD ACADEMY ALAMEDA SCHOOL FOR ART + DESIGN,1,93,9855,1005238,Under 500
BASIS TEXAS,7,3421,10581,31616623,"3,000 to 4,999"
GREAT HEARTS TEXAS,11,8136,11088,73645220,"5,000 to 9,999"
ELEANOR KOLITZ HEBREW LANGUAGE ACADEMY,1,489,10143,4710760,Under 500
COMPASS ROSE PUBLIC SCHOOLS,5,1836,14390,16606636,"1,600 to 2,999"
PROMESA ACADEMY CHARTER SCHOOL,1,262,15061,2952039,Under 500
SAN ANTONIO PREPARATORY SCHOOLS,1,205,16312,3523306,Under 500
THE GATHERING PLACE,1,465,15531,5353947,Under 500
ROYAL PUBLIC SCHOOLS,1,111,,,Under 500
PRELUDE PREPARATORY CHARTER SCHOOL,1,30,,,Under 500
ALAMO HEIGHTS ISD,5,4788,14931,51851572,"3,000 to 4,999"
HARLANDALE ISD,28,12078,16810,148661551,"10,000 to 24,999"
EDGEWOOD ISD,24,8383,14966,126484234,"5,000 to 9,999"
RANDOLPH FIELD ISD,3,1458,15057,21697093,"1,000 to 1,599"
SAN ANTONIO ISD,100,44568,15554,596699395,"25,000 to 49,999"
SOUTH SAN ANTONIO ISD,20,7919,14402,94601623,"5,000 to 9,999"
SOMERSET ISD,8,3955,13423,50769926,"3,000 to 4,999"
NORTH EAST ISD,75,59445,12444,615009180,"50,000 and over"
EAST CENTRAL ISD,15,10002,11005,97046485,"10,000 to 24,999"
SOUTHWEST ISD,18,13165,13721,164151451,"10,000 to 24,999"
LACKLAND ISD,2,910,24557,21789487,500 to 999
FT SAM HOUSTON ISD,2,1635,20215,30271452,"1,600 to 2,999"
NORTHSIDE ISD,122,101584,11967,978493042,"50,000 and over"
JUDSON ISD,32,24517,11831,238299255,"10,000 to 24,999"
SOUTHSIDE ISD,9,5516,14893,75470008,"5,000 to 9,999"
JOHNSON CITY ISD,3,697,16768,8217131,500 to 999
BLANCO ISD,3,1058,16666,14431782,"1,000 to 1,599"
BORDEN COUNTY ISD,1,245,47394,7560891,Under 500
CLIFTON ISD,3,1024,15835,12646488,"1,000 to 1,599"
MERIDIAN ISD,2,392,18825,7330440,Under 500
MORGAN ISD,1,139,17833,2399702,Under 500
VALLEY MILLS ISD,3,618,14077,7719571,500 to 999
WALNUT SPRINGS ISD,1,178,16424,2746471,Under 500
IREDELL ISD,1,133,19405,2451523,Under 500
KOPPERL ISD,1,179,16090,2944487,Under 500
CRANFILLS GAP ISD,1,132,19058,2434764,Under 500
DEKALB ISD,3,783,17756,11303569,500 to 999
HOOKS ISD,3,886,16023,12459008,500 to 999
MAUD ISD,1,474,14365,6794864,Under 500
NEW BOSTON ISD,3,1196,17738,19694073,"1,000 to 1,599"
REDWATER ISD,4,1099,13026,13685079,"1,000 to 1,599"
TEXARKANA ISD,13,7126,12185,86926812,"5,000 to 9,999"
LIBERTY-EYLAU ISD,4,2131,19971,29066055,"1,600 to 2,999"
SIMMS ISD,3,473,17317,7584434,Under 500
MALTA ISD,1,208,12026,2561074,Under 500
RED LICK ISD,2,500,11699,5672871,500 to 999
PLEASANT GROVE ISD,4,2313,13386,23515184,"1,600 to 2,999"
HUBBARD ISD,1,69,21645,1663681,Under 500
LEARY ISD,1,105,18087,1862912,Under 500
ALVIN ISD,31,27955,14197,331435214,"25,000 to 49,999"
ANGLETON ISD,11,6748,14767,83996013,"5,000 to 9,999"
DANBURY ISD,3,772,15818,10449829,500 to 999
BRAZOSPORT ISD,20,11451,16310,143126025,"10,000 to 24,999"
SWEENY ISD,3,1851,16462,24211163,"1,600 to 2,999"
COLUMBIA-BRAZORIA ISD,5,2911,11714,30042276,"1,600 to 2,999"
PEARLAND ISD,22,20930,12423,205043257,"10,000 to 24,999"
DAMON ISD,1,116,27532,3138412,Under 500
BRAZOS SCHOOL FOR INQUIRY & CREATIVITY,2,330,15059,4473005,Under 500
ARROW ACADEMY,4,609,14489,10012173,500 to 999
COLLEGE STATION ISD,20,14138,12399,139250581,"10,000 to 24,999"
BRYAN ISD,25,16005,14613,185164571,"10,000 to 24,999"
TERLINGUA CSD,1,111,23434,2289290,Under 500
ALPINE ISD,3,970,15828,13422326,500 to 999
MARATHON ISD,1,57,29382,1742340,Under 500
SAN VICENTE ISD,1,9,214078,1067388,Under 500
SILVERTON ISD,1,187,25161,2858937,Under 500
BROOKS COUNTY ISD,5,1340,19583,24878614,"1,000 to 1,599"
BANGS ISD,3,869,13199,10255655,500 to 999
BROWNWOOD ISD,7,3448,12116,39268976,"3,000 to 4,999"
BLANKET ISD,1,147,17919,2460132,Under 500
MAY ISD,2,227,17757,3968726,Under 500
ZEPHYR ISD,1,212,15823,2889644,Under 500
BROOKESMITH ISD,5,191,18500,2831158,Under 500
EARLY ISD,4,1136,14539,15040118,"1,000 to 1,599"
CALDWELL ISD,4,1833,15697,23513656,"1,600 to 2,999"
SOMERVILLE ISD,3,541,17796,8095915,500 to 999
SNOOK ISD,2,529,20558,7467840,500 to 999
BURNET CISD,6,3262,14488,38593389,"3,000 to 4,999"
MARBLE FALLS ISD,7,3995,13899,46635331,"3,000 to 4,999"
LOCKHART ISD,9,6117,12526,70332671,"5,000 to 9,999"
LULING ISD,3,1425,12523,15805617,"1,000 to 1,599"
PRAIRIE LEA ISD,1,235,14400,3132561,Under 500
CALHOUN COUNTY ISD,7,3561,14538,43254650,"3,000 to 4,999"
CROSS PLAINS ISD,2,378,15363,5449840,Under 500
CLYDE CISD,4,1431,12772,15889189,"1,000 to 1,599"
BAIRD ISD,2,293,19059,4854115,Under 500
EULA ISD,3,462,15423,6421665,Under 500
BROWNSVILLE ISD,52,38412,13555,535407429,"25,000 to 49,999"
HARLINGEN CISD,29,17022,13001,219241115,"10,000 to 24,999"
LA FERIA ISD,7,2908,13397,38860793,"1,600 to 2,999"
LOS FRESNOS CISD,15,10333,13381,131221115,"10,000 to 24,999"
POINT ISABEL ISD,5,1968,14455,28182347,"1,600 to 2,999"
RIO HONDO ISD,4,1602,15288,22525701,"1,600 to 2,999"
SAN BENITO CISD,21,9201,15637,143189241,"5,000 to 9,999"
SANTA MARIA ISD,4,543,19454,10931146,500 to 999
SANTA ROSA ISD,3,848,19631,16293234,500 to 999
SOUTH TEXAS ISD,6,4251,17957,74883483,"3,000 to 4,999"
PITTSBURG ISD,5,2352,12084,26381677,"1,600 to 2,999"
GROOM ISD,1,143,27397,2697223,Under 500
PANHANDLE ISD,3,663,16097,8163622,500 to 999
WHITE DEER ISD,2,339,15625,4947977,Under 500
ATLANTA ISD,4,1906,14613,25974800,"1,600 to 2,999"
AVINGER ISD,1,137,17820,2488025,Under 500
HUGHES SPRINGS ISD,3,1146,12740,14216537,"1,000 to 1,599"
LINDEN-KILDARE CISD,3,638,14543,8923153,500 to 999
MCLEOD ISD,3,399,12477,4928273,Under 500
QUEEN CITY ISD,3,933,20326,13361150,500 to 999
BLOOMBURG ISD,1,240,14265,3450505,Under 500
DIMMITT ISD,3,1153,15129,15127988,"1,000 to 1,599"
HART ISD,1,209,18569,3738989,Under 500
NAZARETH ISD,1,250,15382,3707802,Under 500
ANAHUAC ISD,3,1389,14977,17125936,"1,000 to 1,599"
BARBERS HILL ISD,9,6796,22371,105772748,"5,000 to 9,999"
EAST CHAMBERS ISD,4,1540,16142,19986753,"1,000 to 1,599"
ALTO ISD,3,556,18466,9607158,500 to 999
JACKSONVILLE ISD,8,4735,14484,58224821,"3,000 to 4,999"
RUSK ISD,5,2001,12642,23823882,"1,600 to 2,999"
NEW SUMMERFIELD ISD,1,538,17221,8534578,500 to 999
WELLS ISD,1,258,16267,3999396,Under 500
CHILDRESS ISD,3,1013,14566,14383701,"1,000 to 1,599"
HENRIETTA ISD,3,942,15073,12468878,500 to 999
PETROLIA CISD,2,461,15705,6481869,Under 500
BELLEVUE ISD,1,151,20822,2338590,Under 500
MIDWAY ISD,1,131,24120,2565490,Under 500
MORTON ISD,1,360,15777,5786616,Under 500
WHITEFACE CISD,1,313,22534,5540123,Under 500
BRONTE ISD,1,238,14601,3504133,Under 500
ROBERT LEE ISD,6,262,18934,3640025,Under 500
COLEMAN ISD,3,800,15411,12854962,500 to 999
SANTA ANNA ISD,2,253,16857,4353226,Under 500
PANTHER CREEK CISD,1,165,19380,2881372,Under 500
IMAGINE INTERNATIONAL ACADEMY OF NORTH TEXAS,1,1386,9227,13231420,"1,000 to 1,599"
LONE STAR LANGUAGE ACADEMY,1,146,9467,1950102,Under 500
ALLEN ISD,24,21420,12828,211051998,"10,000 to 24,999"
ANNA ISD,8,4436,13504,44895818,"3,000 to 4,999"
CELINA ISD,5,3351,14098,32386605,"3,000 to 4,999"
FARMERSVILLE ISD,4,2018,14382,22806985,"1,600 to 2,999"
FRISCO ISD,72,65617,12096,623237843,"50,000 and over"
MCKINNEY ISD,32,23238,13875,249508023,"10,000 to 24,999"
MELISSA ISD,6,4859,12635,42368669,"3,000 to 4,999"
PLANO ISD,74,49241,13519,516624113,"25,000 to 49,999"
PRINCETON ISD,10,6765,12371,61296683,"5,000 to 9,999"
PROSPER ISD,21,21700,13303,198137631,"10,000 to 24,999"
WYLIE ISD,21,18155,12031,174305937,"10,000 to 24,999"
BLUE RIDGE ISD,3,958,15968,12423433,500 to 999
COMMUNITY ISD,6,3335,13216,30187080,"3,000 to 4,999"
LOVEJOY ISD,5,4335,13972,43678368,"3,000 to 4,999"
WELLINGTON ISD,3,542,14606,7906525,500 to 999
COLUMBUS ISD,4,1555,12840,18052389,"1,000 to 1,599"
RICE CISD,7,1272,13966,15922647,"1,000 to 1,599"
WEIMAR ISD,3,684,15258,9102615,500 to 999
TRINITY CHARTER SCHOOL,12,347,21293,8487090,Under 500
NEW BRAUNFELS ISD,15,9638,12259,90178612,"5,000 to 9,999"
COMAL ISD,35,27190,12295,242633607,"25,000 to 49,999"
COMANCHE ISD,4,1303,14399,18059092,"1,000 to 1,599"
DE LEON ISD,3,740,16693,11734285,500 to 999
GUSTINE ISD,1,145,33706,2838210,Under 500
SIDNEY ISD,1,128,16793,2232465,Under 500
EDEN CISD,3,222,24238,4450774,Under 500
PAINT ROCK ISD,5,225,20716,4308884,Under 500
GAINESVILLE ISD,5,3138,12719,37247704,"3,000 to 4,999"
MUENSTER ISD,2,523,15604,6289689,500 to 999
VALLEY VIEW ISD,3,941,17441,13898422,500 to 999
CALLISBURG ISD,4,1140,12761,13094188,"1,000 to 1,599"
ERA ISD,1,493,15723,6984135,Under 500
LINDSAY ISD,2,482,12270,5937098,Under 500
WALNUT BEND ISD,1,56,22566,1294925,Under 500
SIVELLS BEND ISD,1,63,28039,1336336,Under 500
EVANT ISD,2,213,14340,3882796,Under 500
GATESVILLE ISD,5,2689,11806,30661252,"1,600 to 2,999"
OGLESBY ISD,1,198,15069,2767681,Under 500
JONESBORO ISD,1,338,14718,4501233,Under 500
COPPERAS COVE ISD,11,8102,12007,94736537,"5,000 to 9,999"
PADUCAH ISD,1,161,17142,3088113,Under 500
CRANE ISD,3,1151,14082,13863004,"1,000 to 1,599"
CROCKETT COUNTY CONSOLIDATED CSD,3,729,26161,13852757,500 to 999
CROSBYTON CISD,3,329,24135,6924159,Under 500
LORENZO ISD,1,237,21417,4808889,Under 500
RALLS ISD,4,484,15201,7017199,Under 500
CULBERSON COUNTY-ALLAMOORE ISD,1,360,65613,9985451,Under 500
DALHART ISD,4,1717,11909,18289277,"1,600 to 2,999"
TEXLINE ISD,1,213,15969,3007187,Under 500
PEGASUS SCHOOL OF LIBERAL ARTS AND SCIENCES,1,486,13736,6950630,Under 500
UPLIFT EDUCATION,43,22183,11848,254959729,"10,000 to 24,999"
TEXANS CAN ACADEMIES,13,5037,14095,65949992,"5,000 to 9,999"
LUMIN EDUCATION,1,250,15001,3803298,Under 500
ADVANTAGE ACADEMY,1,1138,13594,16368502,"1,000 to 1,599"
LIFE SCHOOL,8,5558,12136,67319664,"5,000 to 9,999"
UNIVERSAL ACADEMY,2,2055,10982,26323154,"1,600 to 2,999"
NOVA ACADEMY,1,124,9245,1127936,Under 500
ACADEMY OF DALLAS,1,245,12479,4255262,Under 500
TRINITY BASIN PREPARATORY,3,4211,13076,54775369,"3,000 to 4,999"
ACADEMY FOR ACADEMIC EXCELLENCE,4,297,40328,8473791,Under 500
A W BROWN LEADERSHIP ACADEMY,2,1067,11957,16408169,"1,000 to 1,599"
JEAN MASSIEU ACADEMY,1,202,12996,2534203,Under 500
NOVA ACADEMY SOUTHEAST,2,535,10697,6557048,500 to 999
WINFREE ACADEMY CHARTER SCHOOLS,6,1068,8923,11385155,"1,000 to 1,599"
A+ ACADEMY,2,1551,11967,17412243,"1,000 to 1,599"
INSPIRED VISION ACADEMY,2,1271,11939,15401720,"1,000 to 1,599"
GATEWAY CHARTER ACADEMY,2,654,11946,9354044,500 to 999
EDUCATION CENTER INTERNATIONAL ACADEMY,3,501,13483,7321427,500 to 999
EVOLUTION ACADEMY CHARTER SCHOOL,3,669,12607,8383662,500 to 999
GOLDEN RULE CHARTER SCHOOL,6,1557,12415,19292224,"1,000 to 1,599"
ST ANTHONY SCHOOL,2,316,11102,3581767,Under 500
LA ACADEMIA DE ESTRELLAS,2,985,12081,12286807,500 to 999
RICHLAND COLLEGIATE HIGH SCHOOL,1,336,9623,4792144,Under 500
CITYSCAPE SCHOOLS,2,1256,13548,16269783,"1,000 to 1,599"
MANARA ACADEMY,3,541,11099,7313954,500 to 999
UME PREPARATORY ACADEMY,3,1365,10295,13074631,"1,000 to 1,599"
LEGACY PREPARATORY,2,1464,12699,19212916,"1,000 to 1,599"
VILLAGE TECH SCHOOLS,1,1232,10000,12030130,"1,000 to 1,599"
INTERNATIONAL LEADERSHIP OF TEXAS (ILTEXAS),33,20535,11470,239112720,"10,000 to 24,999"
PIONEER TECHNOLOGY & ARTS ACADEMY,6,2226,11997,20503410,"1,600 to 2,999"
BRIDGEWAY PREPARATORY ACADEMY,1,96,12820,1294774,Under 500
CARROLLTON-FARMERS BRANCH ISD,39,24888,14322,304242050,"10,000 to 24,999"
CEDAR HILL ISD,12,7112,12232,74309701,"5,000 to 9,999"
DALLAS ISD,237,143430,15120,1825032689,"50,000 and over"
DESOTO ISD,10,7339,14485,97323562,"5,000 to 9,999"
DUNCANVILLE ISD,18,11944,13146,132210456,"10,000 to 24,999"
GARLAND ISD,70,52960,11655,557255726,"50,000 and over"
GRAND PRAIRIE ISD,39,27284,13372,327157457,"25,000 to 49,999"
HIGHLAND PARK ISD,8,6666,15716,71371199,"5,000 to 9,999"
IRVING ISD,37,32339,12745,374179017,"25,000 to 49,999"
LANCASTER ISD,9,6978,13738,81507010,"5,000 to 9,999"
MESQUITE ISD,50,38311,12271,398229893,"25,000 to 49,999"
RICHARDSON ISD,55,37358,13347,412027687,"25,000 to 49,999"
SUNNYVALE ISD,4,2104,13601,20862744,"1,600 to 2,999"
COPPELL ISD,16,13107,12477,126508554,"10,000 to 24,999"
DAWSON ISD,1,149,16822,2480748,Under 500
KLONDIKE ISD,1,259,31361,6797562,Under 500
LAMESA ISD,1,1602,18810,28415354,"1,600 to 2,999"
SANDS CISD,1,246,44161,8975189,Under 500
HEREFORD ISD,8,3953,12114,44738433,"3,000 to 4,999"
WALCOTT ISD,1,152,17222,2278402,Under 500
COOPER ISD,3,847,15197,11506078,500 to 999
FANNINDEL ISD,2,148,19631,2979594,Under 500
NORTH TEXAS COLLEGIATE ACADEMY,3,695,11969,7576086,500 to 999
LEADERSHIP PREP SCHOOL,2,1344,9094,12249775,"1,000 to 1,599"
TRIVIUM ACADEMY,1,553,9643,5766545,500 to 999
DENTON ISD,43,31771,15804,330517992,"25,000 to 49,999"
LEWISVILLE ISD,62,49113,13689,504744456,"25,000 to 49,999"
PILOT POINT ISD,4,1430,13499,16441344,"1,000 to 1,599"
KRUM ISD,6,2217,12186,22510666,"1,600 to 2,999"
PONDER ISD,3,1574,13029,16879860,"1,000 to 1,599"
AUBREY ISD,5,3101,13215,28199608,"3,000 to 4,999"
SANGER ISD,7,2746,15478,36738015,"1,600 to 2,999"
ARGYLE ISD,5,4314,15358,39444925,"3,000 to 4,999"
NORTHWEST ISD,32,27479,13388,244585680,"25,000 to 49,999"
LAKE DALLAS ISD,5,3999,13743,41839077,"3,000 to 4,999"
LITTLE ELM ISD,9,8245,14247,87542297,"5,000 to 9,999"
CUERO ISD,4,1920,16934,25929715,"1,600 to 2,999"
NORDHEIM ISD,1,148,19112,2718454,Under 500
YOAKUM ISD,5,1496,21644,24979719,"1,000 to 1,599"
YORKTOWN ISD,3,535,16368,8133274,500 to 999
WESTHOFF ISD,1,71,25550,1587121,Under 500
MEYERSVILLE ISD,1,144,13158,2157745,Under 500
SPUR ISD,1,221,16427,3337051,Under 500
PATTON SPRINGS ISD,1,86,29806,2492998,Under 500
CARRIZO SPRINGS CISD,4,1920,14166,26141480,"1,600 to 2,999"
CLARENDON ISD,3,456,14665,6341487,Under 500
HEDLEY ISD,1,124,21026,2349440,Under 500
RAMIREZ CSD,1,26,22447,963674,Under 500
BENAVIDES ISD,2,233,26152,5904966,Under 500
SAN DIEGO ISD,3,1453,14253,18764791,"1,000 to 1,599"
FREER ISD,3,760,23054,15506280,500 to 999
CISCO ISD,4,812,14508,12093376,500 to 999
EASTLAND ISD,3,1078,13680,13723448,"1,000 to 1,599"
GORMAN ISD,3,265,22597,5840202,Under 500
RANGER ISD,3,333,15618,5419204,Under 500
RISING STAR ISD,2,191,14567,2702181,Under 500
COMPASS ACADEMY CHARTER SCHOOL,1,1371,9308,12305728,"1,000 to 1,599"
UTPB STEM ACADEMY,1,763,9587,7592657,500 to 999
ECTOR COUNTY ISD,44,31762,12896,392643356,"25,000 to 49,999"
ROCKSPRINGS ISD,1,257,22479,5613730,Under 500
NUECES CANYON CISD,2,254,16804,4335550,Under 500
WAXAHACHIE FAITH FAMILY ACADEMY,2,2582,13572,36387219,"1,600 to 2,999"
AVALON ISD,1,339,14726,4801554,Under 500
ENNIS ISD,10,5999,12925,63692088,"5,000 to 9,999"
FERRIS ISD,5,2625,13422,30520547,"1,600 to 2,999"
ITALY ISD,2,647,17714,10128429,500 to 999
MIDLOTHIAN ISD,13,10391,13704,105969875,"10,000 to 24,999"
MILFORD ISD,1,238,15212,3676504,Under 500
PALMER ISD,3,1252,13910,15955670,"1,000 to 1,599"
RED OAK ISD,7,6287,12147,64181373,"5,000 to 9,999"
WAXAHACHIE ISD,17,10065,13161,102410900,"10,000 to 24,999"
MAYPEARL ISD,4,1176,12828,12978757,"1,000 to 1,599"
BURNHAM WOOD CHARTER SCHOOL DISTRICT,3,1376,11453,14338594,"1,000 to 1,599"
TRIUMPH PUBLIC HIGH SCHOOLS-EL PASO,2,198,14469,2517543,Under 500
EL PASO ACADEMY,2,272,9963,3208182,Under 500
HARMONY PUBLIC SCHOOLS - WEST TEXAS,6,4569,11778,48791707,"3,000 to 4,999"
LA FE PREPARATORY SCHOOL,1,190,14767,2657990,Under 500
VISTA DEL FUTURO CHARTER SCHOOL,1,340,12240,3047698,Under 500
EL PASO LEADERSHIP ACADEMY,3,266,20033,4206999,Under 500
CLINT ISD,14,10455,14752,145042692,"10,000 to 24,999"
EL PASO ISD,79,50709,13798,607219620,"50,000 and over"
FABENS ISD,4,1983,15336,29190277,"1,600 to 2,999"
SAN ELIZARIO ISD,6,3190,14579,42416777,"3,000 to 4,999"
YSLETA ISD,54,37211,13015,457387152,"25,000 to 49,999"
ANTHONY ISD,3,798,13838,10333783,500 to 999
CANUTILLO ISD,10,6076,17214,71277128,"5,000 to 9,999"
TORNILLO ISD,4,887,16353,13673027,500 to 999
SOCORRO ISD,50,47137,11841,483698575,"25,000 to 49,999"
PREMIER HIGH SCHOOLS,40,6822,10538,66671657,"5,000 to 9,999"
ERATH EXCELS ACADEMY INC,2,94,11628,1416107,Under 500
THREE WAY ISD,1,236,13382,2845271,Under 500
DUBLIN ISD,3,1087,14767,14988069,"1,000 to 1,599"
STEPHENVILLE ISD,6,3688,12951,40909681,"3,000 to 4,999"
BLUFF DALE ISD,1,227,15305,3030233,Under 500
HUCKABAY ISD,1,304,14589,3245494,Under 500
LINGLEVILLE ISD,1,284,15385,3775506,Under 500
MORGAN MILL ISD,1,118,12607,1621872,Under 500
CHILTON ISD,1,546,16540,7976443,500 to 999
MARLIN ISD,3,882,19249,16778551,500 to 999
WESTPHALIA ISD,1,155,14312,2270607,Under 500
ROSEBUD-LOTT ISD,3,716,14476,9212421,500 to 999
BONHAM ISD,5,1885,16998,25180624,"1,600 to 2,999"
DODD CITY ISD,1,328,13869,4340224,Under 500
ECTOR ISD,2,234,17199,4234072,Under 500
HONEY GROVE ISD,3,640,16344,9071499,500 to 999
LEONARD ISD,4,825,13038,10796206,500 to 999
SAVOY ISD,2,303,16231,4679850,Under 500
TRENTON ISD,3,725,13942,9503768,500 to 999
SAM RAYBURN ISD,2,517,13476,6736326,500 to 999
FLATONIA ISD,3,629,16194,8838334,500 to 999
LA GRANGE ISD,3,1868,14169,23659590,"1,600 to 2,999"
SCHULENBURG ISD,2,696,16100,10017032,500 to 999
FAYETTEVILLE ISD,1,279,16717,3764057,Under 500
ROUND TOP-CARMINE ISD,2,240,16385,3555298,Under 500
ROBY CISD,1,329,20873,6495280,Under 500
ROTAN ISD,1,242,17905,3914695,Under 500
FLOYDADA COLLEGIATE ISD,4,686,22576,11437145,500 to 999
LOCKNEY ISD,4,430,18019,7547988,Under 500
CROWELL ISD,1,192,40093,8081586,Under 500
LAMAR CISD,44,38877,11952,368291151,"25,000 to 49,999"
NEEDVILLE ISD,4,3378,12774,37264922,"3,000 to 4,999"
FORT BEND ISD,82,76543,11697,763625793,"50,000 and over"
STAFFORD MSD,5,3511,14218,39986176,"3,000 to 4,999"
MOUNT VERNON ISD,3,1523,13695,17511988,"1,000 to 1,599"
FAIRFIELD ISD,4,1681,14225,22041531,"1,600 to 2,999"
TEAGUE ISD,4,1181,14813,14654489,"1,000 to 1,599"
WORTHAM ISD,3,520,14123,6483191,500 to 999
DEW ISD,1,133,20291,3169298,Under 500
DILLEY ISD,3,907,21312,13410688,500 to 999
PEARSALL ISD,5,2031,20162,32069859,"1,600 to 2,999"
SEAGRAVES ISD,1,516,18282,8201409,500 to 999
LOOP ISD,1,150,24569,3039394,Under 500
SEMINOLE ISD,6,2957,18757,45285914,"1,600 to 2,999"
ODYSSEY ACADEMY INC,2,1492,12790,17744939,"1,000 to 1,599"
AMBASSADORS PREPARATORY ACADEMY,1,189,12801,3149086,Under 500
DICKINSON ISD,17,11901,12747,123703622,"10,000 to 24,999"
GALVESTON ISD,13,6650,14964,91958879,"5,000 to 9,999"
HIGH ISLAND ISD,1,158,19015,2989164,Under 500
TEXAS CITY ISD,15,7756,18671,124832436,"5,000 to 9,999"
HITCHCOCK ISD,5,1715,17482,26794427,"1,600 to 2,999"
SANTA FE ISD,6,4325,15452,55824336,"3,000 to 4,999"
CLEAR CREEK ISD,46,40235,11944,382364074,"25,000 to 49,999"
FRIENDSWOOD ISD,6,6155,11908,60787022,"5,000 to 9,999"
POST ISD,4,784,17336,10957161,500 to 999
SOUTHLAND ISD,1,114,33484,3824320,Under 500
DOSS CONSOLIDATED CSD,1,24,48095,865714,Under 500
FREDERICKSBURG ISD,6,3100,14176,39031892,"3,000 to 4,999"
HARPER ISD,3,559,12783,7033981,500 to 999
GLASSCOCK COUNTY ISD,2,293,60239,9161215,Under 500
GOLIAD ISD,4,1283,13178,14905654,"1,000 to 1,599"
GONZALES ISD,5,2613,13269,33515276,"1,600 to 2,999"
NIXON-SMILEY CISD,5,1064,16429,14848433,"1,000 to 1,599"
WAELDER ISD,1,304,15775,4453278,Under 500
LEFORS ISD,1,176,16984,2419528,Under 500
MCLEAN ISD,1,185,18950,2755848,Under 500
PAMPA ISD,6,3451,11633,37009417,"3,000 to 4,999"
GRANDVIEW-HOPKINS ISD,1,46,35148,1015633,Under 500
BELLS ISD,3,884,14725,11261252,500 to 999
COLLINSVILLE ISD,2,556,16851,8122146,500 to 999
DENISON ISD,9,4674,13311,53439383,"3,000 to 4,999"
HOWE ISD,4,1248,13582,14979046,"1,000 to 1,599"
SHERMAN ISD,15,7698,14258,87637454,"5,000 to 9,999"
TIOGA ISD,1,706,16314,9835746,500 to 999
VAN ALSTYNE ISD,4,2046,12886,19365258,"1,600 to 2,999"
WHITESBORO ISD,4,1717,12849,18576327,"1,600 to 2,999"
WHITEWRIGHT ISD,3,755,15841,11097323,500 to 999
POTTSBORO ISD,3,1430,15832,15352899,"1,000 to 1,599"
S AND S CISD,3,991,14777,13045395,500 to 999
GUNTER ISD,3,1113,19695,18040377,"1,000 to 1,599"
TOM BEAN ISD,3,657,14716,8939438,500 to 999
EAST TEXAS CHARTER SCHOOLS,1,141,10700,1476599,Under 500
GLADEWATER ISD,4,1703,12631,19845980,"1,600 to 2,999"
KILGORE ISD,5,3887,12104,42131415,"3,000 to 4,999"
LONGVIEW ISD,14,8223,17625,118245377,"5,000 to 9,999"
PINE TREE ISD,6,4677,12430,50711438,"3,000 to 4,999"
SABINE ISD,3,1531,12721,18042795,"1,000 to 1,599"
SPRING HILL ISD,4,2028,12632,21500556,"1,600 to 2,999"
WHITE OAK ISD,4,1458,13137,16378409,"1,000 to 1,599"
ANDERSON-SHIRO CISD,2,886,14430,10681086,500 to 999
IOLA ISD,2,539,14823,7062986,500 to 999
NAVASOTA ISD,6,2953,14872,35593317,"1,600 to 2,999"
RICHARDS ISD,1,213,14912,2639050,Under 500
SEGUIN ISD,14,7039,13221,76047076,"5,000 to 9,999"
SCHERTZ-CIBOLO-U CITY ISD,16,15875,10815,139994264,"10,000 to 24,999"
NAVARRO ISD,4,1971,12488,19809193,"1,600 to 2,999"
MARION ISD,5,1471,13854,17671557,"1,000 to 1,599"
ABERNATHY ISD,4,820,16199,10594449,500 to 999
COTTON CENTER ISD,1,99,18346,1707963,Under 500
HALE CENTER ISD,3,597,15541,8868129,500 to 999
PETERSBURG ISD,1,274,28641,4703443,Under 500
PLAINVIEW ISD,10,4710,12960,58874113,"3,000 to 4,999"
MEMPHIS ISD,4,431,21028,8991237,Under 500
TURKEY-QUITAQUE ISD,1,193,16638,3066455,Under 500
HAMILTON ISD,3,832,13647,10708272,500 to 999
HICO ISD,2,603,15493,8286743,500 to 999
GRUVER ISD,3,418,17001,6180563,Under 500
PRINGLE-MORSE CISD,1,128,21442,2139397,Under 500
SPEARMAN ISD,3,783,30644,10912859,500 to 999
CHILLICOTHE ISD,1,199,27835,4491920,Under 500
QUANAH ISD,3,497,19073,10070679,Under 500
KOUNTZE ISD,4,1125,15742,15579977,"1,000 to 1,599"
SILSBEE ISD,4,2708,14420,35708372,"1,600 to 2,999"
HARDIN-JEFFERSON ISD,5,2602,11022,23895537,"1,600 to 2,999"
LUMBERTON ISD,5,4188,10664,41904612,"3,000 to 4,999"
WEST HARDIN COUNTY CISD,2,568,15016,7691843,500 to 999
SER-NINOS CHARTER SCHOOL,3,1009,14543,15924629,"1,000 to 1,599"
ARISTOI CLASSICAL ACADEMY,3,1219,11890,12715273,"1,000 to 1,599"
GEORGE I SANCHEZ CHARTER,2,947,12919,12828895,500 to 999
RAUL YZAGUIRRE SCHOOLS FOR SUCCESS,6,1563,15177,20185954,"1,000 to 1,599"
ACADEMY OF ACCELERATED LEARNING INC,1,4,11483,9771716,Under 500
EXCEL ACADEMY,4,217,20242,4169826,Under 500
THE VARNETT PUBLIC SCHOOL,3,1137,12269,16355176,"1,000 to 1,599"
ALIEF MONTESSORI COMMUNITY SCHOOL,1,349,10890,3604614,Under 500
AMIGOS POR VIDA-FRIENDS FOR LIFE PUB CHTR SCH,1,560,13302,6677830,500 to 999
HOUSTON HEIGHTS HIGH SCHOOL,1,175,12748,2269151,Under 500
HOUSTON GATEWAY ACADEMY INC,3,2082,15109,32639641,"1,600 to 2,999"
CALVIN NELMS CHARTER SCHOOLS,2,304,11994,3598185,Under 500
SOUTHWEST SCHOOL,5,1526,15057,25611824,"1,000 to 1,599"
TWO DIMENSIONS PREPARATORY ACADEMY,3,439,11871,5152096,Under 500
COMQUEST ACADEMY,1,44,21716,825218,Under 500
YES PREP PUBLIC SCHOOLS INC,19,14557,13746,184953654,"10,000 to 24,999"
HARMONY PUBLIC SCHOOLS - HOUSTON SOUTH,6,3564,12891,47167126,"3,000 to 4,999"
BEATRICE MAYES INSTITUTE CHARTER SCHOOL,1,462,12635,5938354,Under 500
ACCELERATED INTERMEDIATE ACADEMY,2,214,12115,2847098,Under 500
PROMISE COMMUNITY SCHOOL,5,1722,10760,16743111,"1,600 to 2,999"
MEYERPARK ELEMENTARY,1,272,12879,3348564,Under 500
DRAW ACADEMY,1,692,12837,9075742,500 to 999
HARMONY PUBLIC SCHOOLS - HOUSTON NORTH,9,5894,11523,69003554,"5,000 to 9,999"
STEP CHARTER SCHOOL,2,558,15433,7670054,500 to 999
THE RHODES SCHOOL FOR PERFORMING ARTS,2,607,16779,12047138,500 to 999
HARMONY PUBLIC SCHOOLS - HOUSTON WEST,6,4086,11383,45350243,"3,000 to 4,999"
THE LAWSON ACADEMY,1,169,16509,3004562,Under 500
THE PRO-VISION ACADEMY,2,397,14541,6281727,Under 500
BETA ACADEMY,2,1298,12586,15008458,"1,000 to 1,599"
A+ UNLIMITED POTENTIAL,1,145,15793,2400476,Under 500
ETOILE ACADEMY CHARTER SCHOOL,1,341,15222,3287898,Under 500
YELLOWSTONE COLLEGE PREPARATORY,1,157,15575,3582175,Under 500
LEGACY SCHOOL OF SPORT SCIENCES,1,369,9795,3839649,Under 500
BLOOM ACADEMY CHARTER SCHOOL,1,193,19599,1794725,Under 500
REVE PREPARATORY CHARTER SCHOOL,1,165,17079,2039687,Under 500
ELEVATE COLLEGIATE CHARTER SCHOOL,1,55,,,Under 500
HOUSTON CLASSICAL CHARTER SCHOOL,1,131,38971,2105728,Under 500
ALDINE ISD,78,61528,13847,798808327,"50,000 and over"
ALIEF ISD,45,40642,13001,507070687,"25,000 to 49,999"
CHANNELVIEW ISD,13,9503,13833,114992330,"5,000 to 9,999"
CROSBY ISD,9,6465,12689,68833598,"5,000 to 9,999"
CYPRESS-FAIRBANKS ISD,88,116913,11877,1122119576,"50,000 and over"
DEER PARK ISD,14,12327,14418,147117917,"10,000 to 24,999"
GALENA PARK ISD,25,21400,14438,282872970,"10,000 to 24,999"
GOOSE CREEK CISD,31,23833,14213,283708389,"10,000 to 24,999"
HOUSTON ISD,273,193727,13325,2213460261,"50,000 and over"
HUMBLE ISD,48,47477,12903,511723495,"25,000 to 49,999"
KATY ISD,72,88165,12545,878899212,"50,000 and over"
KLEIN ISD,50,53059,11534,518063895,"50,000 and over"
LA PORTE ISD,14,6925,16406,86618337,"5,000 to 9,999"
PASADENA ISD,67,49255,12932,598379504,"25,000 to 49,999"
SPRING ISD,42,33406,12762,358018835,"25,000 to 49,999"
SPRING BRANCH ISD,46,33474,14433,371440200,"25,000 to 49,999"
TOMBALL ISD,21,20184,11726,175231047,"10,000 to 24,999"
SHELDON ISD,13,10565,15542,123005219,"10,000 to 24,999"
HUFFMAN ISD,5,3565,13536,41479231,"3,000 to 4,999"
KARNACK ISD,1,134,19690,2774331,Under 500
MARSHALL ISD,8,5059,12295,54442321,"5,000 to 9,999"
WASKOM ISD,3,845,15832,11481179,500 to 999
HALLSVILLE ISD,7,19079,10264,146655356,"10,000 to 24,999"
HARLETON ISD,3,711,13869,9714826,500 to 999
ELYSIAN FIELDS ISD,3,829,18365,13114622,500 to 999
CHANNING ISD,1,163,17607,2630456,Under 500
HARTLEY ISD,1,232,16560,3368998,Under 500
HASKELL CISD,3,537,21078,9453553,500 to 999
RULE ISD,1,143,17844,2491439,Under 500
PAINT CREEK ISD,1,95,29940,2158676,Under 500
KATHERINE ANNE PORTER SCHOOL,1,74,16841,1700990,Under 500
TEXAS PREPARATORY SCHOOL,2,120,16009,2525732,Under 500
KI CHARTER ACADEMY,3,281,21034,5805508,Under 500
SAN MARCOS CISD,11,8136,14109,92898842,"5,000 to 9,999"
DRIPPING SPRINGS ISD,8,7859,13301,73322802,"5,000 to 9,999"
WIMBERLEY ISD,4,2606,13211,26530149,"1,600 to 2,999"
HAYS CISD,25,21345,12576,205673395,"10,000 to 24,999"
CANADIAN ISD,4,839,17059,11321620,500 to 999
ATHENS ISD,5,2955,13298,33059743,"1,600 to 2,999"
BROWNSBORO ISD,6,2584,12713,30195173,"1,600 to 2,999"
CROSS ROADS ISD,3,538,15018,7410476,500 to 999
EUSTACE ISD,4,1650,15367,20130265,"1,600 to 2,999"
MALAKOFF ISD,5,1420,15431,18240584,"1,000 to 1,599"
TRINIDAD ISD,1,153,16472,2451057,Under 500
MURCHISON ISD,1,179,16700,2784498,Under 500
LAPOYNOR ISD,3,491,14518,6215046,Under 500
HORIZON MONTESSORI PUBLIC SCHOOLS,4,1392,30504,15758985,"1,000 to 1,599"
TRIUMPH PUBLIC HIGH SCHOOLS-RIO GRANDE VALLEY,4,484,13116,6453266,Under 500
IDEA PUBLIC SCHOOLS,123,67988,13117,812566609,"50,000 and over"
VANGUARD ACADEMY,5,5364,13391,65696988,"5,000 to 9,999"
EXCELLENCE IN LEADERSHIP ACADEMY,1,301,13282,3984687,Under 500
DONNA ISD,23,13060,14298,190645566,"10,000 to 24,999"
EDCOUCH-ELSA ISD,9,4140,15788,65661985,"3,000 to 4,999"
EDINBURG CISD,44,32043,18740,407021632,"25,000 to 49,999"
HIDALGO ISD,7,2836,17082,44117265,"1,600 to 2,999"
MCALLEN ISD,30,20282,13213,263987634,"10,000 to 24,999"
MERCEDES ISD,11,4416,17976,67088416,"3,000 to 4,999"
MISSION CISD,23,13838,15204,184500923,"10,000 to 24,999"
PHARR-SAN JUAN-ALAMO ISD,42,29242,14583,432265591,"25,000 to 49,999"
PROGRESO ISD,4,1393,15410,21115681,"1,000 to 1,599"
SHARYLAND ISD,13,9481,14189,114661323,"5,000 to 9,999"
LA JOYA ISD,38,24024,14228,357971646,"10,000 to 24,999"
WESLACO ISD,21,15581,12136,199476789,"10,000 to 24,999"
LA VILLA ISD,3,557,16864,9315373,500 to 999
MONTE ALTO ISD,3,890,16228,13101063,500 to 999
VALLEY VIEW ISD,7,3789,13888,53510021,"3,000 to 4,999"
ABBOTT ISD,1,282,15186,3813838,Under 500
BYNUM ISD,1,181,17777,3272551,Under 500
COVINGTON ISD,1,301,29776,8068799,Under 500
HILLSBORO ISD,5,1930,14294,23321194,"1,600 to 2,999"
HUBBARD ISD,2,440,17637,6098863,Under 500
ITASCA ISD,3,628,16384,9278588,500 to 999
MALONE ISD,1,153,17031,2715330,Under 500
MOUNT CALM ISD,2,193,18033,3109951,Under 500
WHITNEY ISD,5,1474,14737,17872643,"1,000 to 1,599"
AQUILLA ISD,2,335,17316,5208146,Under 500
BLUM ISD,1,344,17862,5736238,Under 500
PENELOPE ISD,1,198,14651,3079360,Under 500
ANTON ISD,1,182,17406,2957410,Under 500
LEVELLAND ISD,6,2746,14873,35008064,"1,600 to 2,999"
ROPES ISD,1,514,15033,6406722,500 to 999
SMYER ISD,1,416,15039,6196167,Under 500
SUNDOWN ISD,4,576,16143,8867103,500 to 999
WHITHARRAL ISD,1,236,15461,2538406,Under 500
LAKE GRANBURY ACADEMY CHARTER SCHOOL,1,51,17053,1210781,Under 500
GRANBURY ISD,10,7712,11652,76926158,"5,000 to 9,999"
LIPAN ISD,2,447,16369,6018226,Under 500
TOLAR ISD,3,847,13343,9443853,500 to 999
SULPHUR SPRINGS ISD,9,4329,12768,50082573,"3,000 to 4,999"
CUMBY ISD,2,435,14790,6033895,Under 500
NORTH HOPKINS ISD,2,535,17018,8375176,500 to 999
MILLER GROVE ISD,1,299,16310,4690153,Under 500
COMO-PICKTON CISD,1,724,13433,9398583,500 to 999
SALTILLO ISD,1,244,18860,4733009,Under 500
SULPHUR BLUFF ISD,1,202,15675,3327224,Under 500
CROCKETT ISD,4,1190,16056,18015849,"1,000 to 1,599"
GRAPELAND ISD,3,631,14250,7738375,500 to 999
LOVELADY ISD,2,504,15497,6615725,500 to 999
LATEXO ISD,2,488,13802,6017459,Under 500
KENNARD ISD,1,246,16821,3782668,Under 500
BIG SPRING ISD,8,3629,12503,41745756,"3,000 to 4,999"
COAHOMA ISD,3,1084,15572,15806252,"1,000 to 1,599"
FORSAN ISD,2,764,14460,9047242,500 to 999
FT HANCOCK ISD,3,400,14792,5871684,Under 500
SIERRA BLANCA ISD,1,118,28343,2479448,Under 500
DELL CITY ISD,1,66,29874,2094145,Under 500
CADDO MILLS ISD,4,2227,12155,21257727,"1,600 to 2,999"
CELESTE ISD,3,483,15210,6889767,Under 500
COMMERCE ISD,4,1440,16137,21159754,"1,000 to 1,599"
GREENVILLE ISD,11,5320,12958,60389232,"5,000 to 9,999"
LONE OAK ISD,3,1025,12584,10836348,"1,000 to 1,599"
QUINLAN ISD,4,2575,12828,31459666,"1,600 to 2,999"
WOLFE CITY ISD,3,701,15394,9332923,500 to 999
CAMPBELL ISD,2,303,16034,4425288,Under 500
BLAND ISD,3,761,15875,10683518,500 to 999
BOLES ISD,3,529,18896,8783200,500 to 999
BORGER ISD,6,2493,13268,28158642,"1,600 to 2,999"
SANFORD-FRITCH ISD,3,692,13478,8596382,500 to 999
PLEMONS-STINNETT-PHILLIPS CISD,3,621,21683,8672781,500 to 999
SPRING CREEK ISD,1,96,19403,1853053,Under 500
IRION COUNTY ISD,2,334,32046,5624567,Under 500
BRYSON ISD,1,252,18233,3765785,Under 500
JACKSBORO ISD,3,1077,19243,15134054,"1,000 to 1,599"
PERRIN-WHITT CISD,2,322,17392,4900029,Under 500
EDNA ISD,4,1549,14032,19200693,"1,000 to 1,599"
GANADO ISD,3,736,15098,9364961,500 to 999
INDUSTRIAL ISD,4,1156,14866,14919720,"1,000 to 1,599"
BROOKELAND ISD,2,369,16265,5924373,Under 500
BUNA ISD,3,1483,14595,19525020,"1,000 to 1,599"
JASPER ISD,4,2166,13375,27935296,"1,600 to 2,999"
KIRBYVILLE CISD,3,1450,12866,16054456,"1,000 to 1,599"
EVADALE ISD,3,397,17837,6350765,Under 500
FT DAVIS ISD,1,176,15596,3041136,Under 500
VALENTINE ISD,1,35,48246,1640380,Under 500
TEKOA ACADEMY OF ACCELERATED STUDIES STEM SCHOOL,4,366,11330,5810818,Under 500
EHRHART SCHOOL,1,507,12931,6258425,500 to 999
BOB HOPE SCHOOL,4,2362,11874,28315848,"1,600 to 2,999"
NEDERLAND ISD,7,4983,13443,53409677,"3,000 to 4,999"
PORT ARTHUR ISD,12,7840,17634,100402423,"5,000 to 9,999"
PORT NECHES-GROVES ISD,12,5186,13465,57499740,"5,000 to 9,999"
BEAUMONT ISD,28,16729,13636,198408673,"10,000 to 24,999"
SABINE PASS ISD,1,365,23138,7236954,Under 500
HAMSHIRE-FANNETT ISD,4,1953,12285,21293333,"1,600 to 2,999"
JIM HOGG COUNTY ISD,3,1076,16407,17252022,"1,000 to 1,599"
ALICE ISD,6,4359,12808,56472206,"3,000 to 4,999"
BEN BOLT-PALITO BLANCO ISD,2,495,14514,7069280,Under 500
ORANGE GROVE ISD,4,1770,12546,20186261,"1,600 to 2,999"
PREMONT ISD,2,695,19758,12931555,500 to 999
LA GLORIA ISD,1,94,15596,1598536,Under 500
ALVARADO ISD,7,3595,12685,37690970,"3,000 to 4,999"
BURLESON ISD,19,12693,12519,129071312,"10,000 to 24,999"
CLEBURNE ISD,11,7036,13154,76376722,"5,000 to 9,999"
GRANDVIEW ISD,3,1364,13570,16991185,"1,000 to 1,599"
JOSHUA ISD,11,5862,12272,59834028,"5,000 to 9,999"
KEENE ISD,5,1016,16272,14603064,"1,000 to 1,599"
RIO VISTA ISD,4,817,15774,10542260,500 to 999
VENUS ISD,5,2300,13576,26633321,"1,600 to 2,999"
GODLEY ISD,6,2598,15419,32421144,"1,600 to 2,999"
ANSON ISD,3,739,15236,10173422,500 to 999
HAMLIN COLLEGIATE ISD,2,430,19822,8094574,Under 500
HAWLEY ISD,3,765,14992,11065043,500 to 999
LUEDERS-AVOCA ISD,2,96,24823,2528243,Under 500
STAMFORD ISD,3,620,22460,12370912,500 to 999
KARNES CITY ISD,4,1048,23302,23300445,"1,000 to 1,599"
KENEDY ISD,3,733,20515,10665087,500 to 999
RUNGE ISD,3,217,22204,3491525,Under 500
FALLS CITY ISD,2,428,23724,5778029,Under 500
CRANDALL ISD,8,5439,12258,51121310,"5,000 to 9,999"
FORNEY ISD,16,14314,11409,116419955,"10,000 to 24,999"
KAUFMAN ISD,7,4093,12630,45997181,"3,000 to 4,999"
KEMP ISD,5,1689,13872,20892037,"1,600 to 2,999"
MABANK ISD,6,3653,12160,38493461,"3,000 to 4,999"
TERRELL ISD,9,4962,18283,58484576,"3,000 to 4,999"
SCURRY-ROSSER ISD,3,1083,14373,13483286,"1,000 to 1,599"
MEADOWLAND CHARTER DISTRICT,2,79,24400,2000807,Under 500
BOERNE ISD,12,10268,11966,87595646,"10,000 to 24,999"
COMFORT ISD,3,1067,15481,13515325,"1,000 to 1,599"
KENEDY COUNTY WIDE CSD,1,101,23573,1794920,Under 500
JAYTON-GIRARD ISD,1,169,57391,9391188,Under 500
CENTER POINT ISD,3,535,15839,8227031,500 to 999
HUNT ISD,1,208,17217,2853684,Under 500
KERRVILLE ISD,8,4808,12114,51438668,"3,000 to 4,999"
INGRAM ISD,3,1172,15524,15574510,"1,000 to 1,599"
DIVIDE ISD,1,32,29217,642781,Under 500
JUNCTION ISD,3,639,15791,9390349,500 to 999
GUTHRIE CSD,1,132,26544,2340800,Under 500
BRACKETT ISD,3,531,17618,9068693,500 to 999
KINGSVILLE ISD,5,2799,14451,35235964,"1,600 to 2,999"
RICARDO ISD,2,622,14192,9251292,500 to 999
RIVIERA ISD,2,478,14762,6398726,Under 500
SANTA GERTRUDIS ISD,2,781,12589,9113283,500 to 999
KNOX CITY-O'BRIEN CISD,1,228,18920,4506423,Under 500
MUNDAY CISD,2,379,17667,5925743,Under 500
BENJAMIN ISD,1,133,22872,2751885,Under 500
CHISUM ISD,3,1145,15741,13901318,"1,000 to 1,599"
PARIS ISD,8,3807,13000,46719684,"3,000 to 4,999"
NORTH LAMAR ISD,6,2380,13013,28191428,"1,600 to 2,999"
PRAIRILAND ISD,4,1089,12369,12298653,"1,000 to 1,599"
AMHERST ISD,1,126,18780,2437669,Under 500
LITTLEFIELD ISD,4,1233,13626,17238782,"1,000 to 1,599"
OLTON ISD,3,582,20748,8890731,500 to 999
SPRINGLAKE-EARTH ISD,2,296,16784,5115156,Under 500
SUDAN ISD,2,483,18398,6973967,Under 500
LAMPASAS ISD,5,3403,12590,39046184,"3,000 to 4,999"
LOMETA ISD,2,317,22798,6763893,Under 500
COTULLA ISD,4,1172,19302,19032505,"1,000 to 1,599"
HALLETTSVILLE ISD,3,1147,14618,12829859,"1,000 to 1,599"
MOULTON ISD,2,308,17468,4063925,Under 500
SHINER ISD,2,704,19478,9345852,500 to 999
VYSEHRAD ISD,1,111,13289,1408785,Under 500
SWEET HOME ISD,1,136,15475,2170818,Under 500
EZZELL ISD,1,94,18150,1156823,Under 500
GIDDINGS ISD,4,1920,13189,22405165,"1,600 to 2,999"
LEXINGTON ISD,3,1093,13051,13198224,"1,000 to 1,599"
DIME BOX ISD,1,181,17097,2535353,Under 500
BUFFALO ISD,3,1024,14685,12564736,"1,000 to 1,599"
CENTERVILLE ISD,2,711,16120,9135707,500 to 999
NORMANGEE ISD,3,625,15154,7532573,500 to 999
OAKWOOD ISD,2,233,18675,3049743,Under 500
LEON ISD,2,717,44285,9870898,500 to 999
CLEVELAND ISD,9,10851,12923,103299889,"10,000 to 24,999"
DAYTON ISD,7,5603,11378,55714149,"5,000 to 9,999"
DEVERS ISD,2,216,16117,3099179,Under 500
HARDIN ISD,3,1280,12417,13678319,"1,000 to 1,599"
HULL-DAISETTA ISD,3,433,19259,8702080,Under 500
LIBERTY ISD,4,2244,15223,30178908,"1,600 to 2,999"
TARKINGTON ISD,4,1809,13200,20352768,"1,600 to 2,999"
COOLIDGE ISD,2,302,18553,5460375,Under 500
GROESBECK ISD,4,1543,14651,18449776,"1,000 to 1,599"
MEXIA ISD,5,1855,14284,25173429,"1,600 to 2,999"
BOOKER ISD,2,355,15664,5633943,Under 500
FOLLETT ISD,1,176,16118,2503566,Under 500
DARROUZETT ISD,1,149,19373,2296132,Under 500
GEORGE WEST ISD,4,1036,13759,12283343,"1,000 to 1,599"
THREE RIVERS ISD,2,573,22153,9925209,500 to 999
LLANO ISD,4,1881,18539,23222982,"1,600 to 2,999"
TEXAS TECH UNIVERSITY K-12,1,977,,,500 to 999
RISE ACADEMY,1,305,11358,3146070,Under 500
TRIUMPH PUBLIC HIGH SCHOOLS-LUBBOCK,1,178,11575,2222468,Under 500
BETTY M CONDRA SCHOOL FOR EDUCATION INNOVATION,1,185,18272,2704187,Under 500
LUBBOCK ISD,48,25551,13051,322017572,"25,000 to 49,999"
NEW DEAL ISD,4,725,13903,10395282,500 to 999
SLATON ISD,6,1279,17074,20787577,"1,000 to 1,599"
LUBBOCK-COOPER ISD,10,7575,12469,68967968,"5,000 to 9,999"
FRENSHIP ISD,12,10860,12672,99537112,"10,000 to 24,999"
ROOSEVELT ISD,3,1110,18345,15729780,"1,000 to 1,599"
SHALLOWATER ISD,6,1745,13335,20422367,"1,600 to 2,999"
IDALOU ISD,3,1003,13206,11841221,"1,000 to 1,599"
O'DONNELL ISD,1,296,19176,4721417,Under 500
TAHOKA ISD,3,597,19454,9789769,500 to 999
NEW HOME ISD,1,586,12326,6631953,500 to 999
WILSON ISD,1,126,33447,3840662,Under 500
MADISONVILLE CISD,4,2315,12579,27360050,"1,600 to 2,999"
NORTH ZULCH ISD,1,315,16725,4535717,Under 500
JEFFERSON ISD,4,1160,15900,18871868,"1,000 to 1,599"
STANTON ISD,3,1101,26879,16669876,"1,000 to 1,599"
GRADY ISD,1,249,97865,8705654,Under 500
MASON ISD,3,755,14380,9648086,500 to 999
BAY CITY ISD,5,3508,15509,41039324,"3,000 to 4,999"
TIDEHAVEN ISD,4,1007,16567,12859749,"1,000 to 1,599"
MATAGORDA ISD,1,101,20384,1847991,Under 500
PALACIOS ISD,4,1320,16413,19521716,"1,000 to 1,599"
VAN VLECK ISD,4,1077,21476,16682310,"1,000 to 1,599"
EAGLE PASS ISD,24,13358,16185,183948028,"10,000 to 24,999"
BRADY ISD,3,960,17747,15443619,500 to 999
ROCHELLE ISD,1,194,15733,2914484,Under 500
LOHN ISD,1,125,25758,2369075,Under 500
WACO CHARTER SCHOOL,1,193,12652,2801523,Under 500
RAPOPORT ACADEMY PUBLIC SCHOOL,3,855,13348,10958767,500 to 999
HARMONY PUBLIC SCHOOLS - NORTH TEXAS,16,9866,11593,116797808,"5,000 to 9,999"
CRAWFORD ISD,2,558,15067,7888606,500 to 999
MIDWAY ISD,10,8394,11868,81858226,"5,000 to 9,999"
LA VEGA ISD,5,3089,12616,35850253,"3,000 to 4,999"
LORENA ISD,5,1764,11770,18401887,"1,600 to 2,999"
MART ISD,3,533,15594,7668120,500 to 999
MCGREGOR ISD,4,1492,14314,19004692,"1,000 to 1,599"
MOODY ISD,4,687,15586,9698522,500 to 999
RIESEL ISD,2,620,15512,7670538,500 to 999
WACO ISD,25,14066,14599,193499677,"10,000 to 24,999"
WEST ISD,4,1234,12674,14895515,"1,000 to 1,599"
AXTELL ISD,4,757,14918,11390493,500 to 999
BRUCEVILLE-EDDY ISD,6,609,16220,9068591,500 to 999
CHINA SPRING ISD,5,2951,11342,28795528,"1,600 to 2,999"
CONNALLY ISD,6,2270,13176,28709571,"1,600 to 2,999"
ROBINSON ISD,6,2400,18085,25938518,"1,600 to 2,999"
BOSQUEVILLE ISD,3,699,14722,10104768,500 to 999
HALLSBURG ISD,1,162,14002,2154721,Under 500
GHOLSON ISD,1,231,14612,3156391,Under 500
MCMULLEN COUNTY ISD,1,283,42705,6086237,Under 500
DEVINE ISD,5,1961,11700,21886644,"1,600 to 2,999"
D'HANIS ISD,1,296,23343,4715471,Under 500
NATALIA ISD,4,1143,14613,13931320,"1,000 to 1,599"
HONDO ISD,4,1767,13389,19592044,"1,600 to 2,999"
MEDINA VALLEY ISD,8,6757,12152,62086452,"5,000 to 9,999"
MENARD ISD,2,297,19811,5510229,Under 500
MIDLAND ACADEMY CHARTER SCHOOL,1,363,11488,4250391,Under 500
MIDLAND ISD,41,26387,13377,312243636,"25,000 to 49,999"
GREENWOOD ISD,4,3081,14433,35883642,"3,000 to 4,999"
CAMERON ISD,4,1569,12638,18586893,"1,000 to 1,599"
GAUSE ISD,1,163,17135,2812052,Under 500
MILANO ISD,3,409,17022,6197257,Under 500
ROCKDALE ISD,4,1416,15830,20379074,"1,000 to 1,599"
THORNDALE ISD,3,594,14377,8252434,500 to 999
BUCKHOLTS ISD,1,140,18876,2549375,Under 500
GOLDTHWAITE ISD,3,532,20996,8737552,500 to 999
MULLIN ISD,4,195,23602,5031037,Under 500
PRIDDY ISD,1,123,20969,2205255,Under 500
COLORADO ISD,3,872,16640,12469894,500 to 999
LORAINE ISD,1,133,22731,2383857,Under 500
WESTBROOK ISD,1,258,14895,3227871,Under 500
BOWIE ISD,3,1685,13926,18654950,"1,600 to 2,999"
NOCONA ISD,3,805,15149,12176828,500 to 999
GOLD BURG ISD,1,144,20968,2273180,Under 500
MONTAGUE ISD,1,148,17301,2593600,Under 500
PRAIRIE VALLEY ISD,2,147,16539,2476736,Under 500
FORESTBURG ISD,1,175,16986,2475636,Under 500
SAINT JO ISD,2,322,18602,4752299,Under 500
TEXAS SERENITY ACADEMY,1,341,16349,6833752,Under 500
CONROE ISD,61,67490,11520,635907305,"50,000 and over"
MONTGOMERY ISD,11,9328,12300,85018018,"5,000 to 9,999"
WILLIS ISD,12,8395,11994,81045501,"5,000 to 9,999"
MAGNOLIA ISD,17,13613,12837,141690838,"10,000 to 24,999"
SPLENDORA ISD,7,4362,13146,47420943,"3,000 to 4,999"
NEW CANEY ISD,20,17098,13813,185901256,"10,000 to 24,999"
DUMAS ISD,9,4268,12731,44704983,"3,000 to 4,999"
SUNRAY COLLEGIATE ISD,3,618,16605,8027652,500 to 999
DAINGERFIELD-LONE STAR ISD,4,994,16092,15666824,500 to 999
PEWITT CISD,3,866,13718,11562533,500 to 999
MOTLEY COUNTY ISD,1,157,20042,3306476,Under 500
STEPHEN F AUSTIN STATE UNIVERSITY CHARTER SCHOOL,1,256,9676,2467267,Under 500
CHIRENO ISD,2,407,15353,6004142,Under 500
CUSHING ISD,2,554,17385,8069958,500 to 999
GARRISON ISD,4,748,12871,8783543,500 to 999
NACOGDOCHES ISD,10,5883,12425,67341075,"5,000 to 9,999"
WODEN ISD,3,759,13854,9930439,500 to 999
CENTRAL HEIGHTS ISD,3,1137,14105,14442008,"1,000 to 1,599"
MARTINSVILLE ISD,1,344,18213,5081917,Under 500
ETOILE ISD,1,93,19190,1568060,Under 500
DOUGLASS ISD,1,456,11983,5439378,Under 500
BLOOMING GROVE ISD,3,903,19722,11139923,500 to 999
CORSICANA ISD,8,5996,12465,68049592,"5,000 to 9,999"
DAWSON ISD,2,525,17366,8203422,500 to 999
FROST ISD,3,435,14908,5752730,Under 500
KERENS ISD,1,552,16584,8171336,500 to 999
MILDRED ISD,2,831,14918,9607300,500 to 999
RICE ISD,3,993,15378,13461310,500 to 999
BURKEVILLE ISD,1,232,18573,4751258,Under 500
NEWTON ISD,3,958,16575,15237901,500 to 999
DEWEYVILLE ISD,2,529,41510,6559171,500 to 999
ROSCOE COLLEGIATE ISD,4,3076,29616,17494876,"3,000 to 4,999"
SWEETWATER ISD,6,2052,14982,27939814,"1,600 to 2,999"
BLACKWELL CISD,1,155,39273,5623827,Under 500
HIGHLAND ISD,1,225,24365,4366272,Under 500
DR M L GARZA-GONZALEZ CHARTER SCHOOL,1,166,14006,3095381,Under 500
CORPUS CHRISTI MONTESSORI SCHOOL,1,121,11579,1343192,Under 500
SEASHORE CHARTER SCHOOLS,2,495,9411,4696310,Under 500
AGUA DULCE ISD,2,400,15576,5831899,Under 500
BISHOP CISD,5,1457,14976,20339132,"1,000 to 1,599"
CALALLEN ISD,6,3856,13179,45986039,"3,000 to 4,999"
CORPUS CHRISTI ISD,57,33107,13121,361891472,"25,000 to 49,999"
DRISCOLL ISD,1,272,17967,4593752,Under 500
LONDON ISD,4,1427,11650,12560960,"1,000 to 1,599"
PORT ARANSAS ISD,3,524,20643,8458071,500 to 999
ROBSTOWN ISD,6,2479,14949,34115960,"1,600 to 2,999"
TULOSO-MIDWAY ISD,6,3745,15313,45576918,"3,000 to 4,999"
BANQUETE ISD,3,858,15915,11289828,500 to 999
FLOUR BLUFF ISD,7,5523,13464,51844234,"5,000 to 9,999"
WEST OSO ISD,5,1964,12284,21490723,"1,600 to 2,999"
PERRYTON ISD,6,2046,12137,23527913,"1,600 to 2,999"
BOYS RANCH ISD,3,178,41572,8563886,Under 500
VEGA ISD,3,368,19852,5439278,Under 500
ADRIAN ISD,1,113,25705,2306313,Under 500
WILDORADO ISD,1,230,24730,3697960,Under 500
BRIDGE CITY ISD,4,3090,11372,29634990,"3,000 to 4,999"
ORANGEFIELD ISD,3,1843,11650,20070782,"1,600 to 2,999"
WEST ORANGE-COVE CISD,4,2555,17504,34055131,"1,600 to 2,999"
VIDOR ISD,6,4254,11969,49318201,"3,000 to 4,999"
LITTLE CYPRESS-MAURICEVILLE CISD,6,3223,12947,34802525,"3,000 to 4,999"
GORDON ISD,1,264,16617,3093831,Under 500
GRAFORD ISD,1,321,16947,4579989,Under 500
MINERAL WELLS ISD,4,3228,13910,38213340,"3,000 to 4,999"
SANTO ISD,2,496,14218,6356935,Under 500
STRAWN ISD,1,162,16740,2352778,Under 500
PALO PINTO ISD,1,84,23251,1665161,Under 500
PANOLA CHARTER SCHOOL,3,209,11326,2163349,Under 500
BECKVILLE ISD,2,686,12371,8262162,500 to 999
CARTHAGE ISD,5,2668,15222,32842163,"1,600 to 2,999"
GARY ISD,1,487,14459,6059497,Under 500
CROSSTIMBERS ACADEMY,1,149,13939,1672712,Under 500
POOLVILLE ISD,3,644,14571,7636944,500 to 999
SPRINGTOWN ISD,6,3883,12308,40855624,"3,000 to 4,999"
WEATHERFORD ISD,10,8005,13406,92084043,"5,000 to 9,999"
MILLSAP ISD,3,1100,14833,13530458,"1,000 to 1,599"
ALEDO ISD,10,7325,12678,65897022,"5,000 to 9,999"
PEASTER ISD,3,1622,14549,18096447,"1,600 to 2,999"
BROCK ISD,4,2002,11839,17050411,"1,600 to 2,999"
GARNER ISD,1,244,19260,3215977,Under 500
BOVINA ISD,3,458,14652,6813047,Under 500
FARWELL ISD,3,585,16030,7780566,500 to 999
FRIONA ISD,4,1078,15410,14168844,"1,000 to 1,599"
LAZBUDDIE ISD,1,164,15084,2727748,Under 500
BUENA VISTA ISD,1,240,15339,3646001,Under 500
FORT STOCKTON ISD,5,2230,17304,30973350,"1,600 to 2,999"
IRAAN-SHEFFIELD ISD,3,323,23385,5518454,Under 500
BIG SANDY ISD,1,529,16173,7713892,500 to 999
GOODRICH ISD,3,244,18543,4485837,Under 500
CORRIGAN-CAMDEN ISD,3,817,17796,12865483,500 to 999
LEGGETT ISD,2,219,16834,3098599,Under 500
LIVINGSTON ISD,7,4013,13692,47151004,"3,000 to 4,999"
ONALASKA ISD,2,1213,14132,15482684,"1,000 to 1,599"
AMARILLO ISD,55,30748,11768,349860451,"25,000 to 49,999"
RIVER ROAD ISD,4,1340,13813,16357250,"1,000 to 1,599"
HIGHLAND PARK ISD,3,826,17381,11487958,500 to 999
BUSHLAND ISD,3,1546,12253,14889262,"1,000 to 1,599"
MARFA ISD,1,270,17737,4434813,Under 500
PRESIDIO ISD,3,1046,14654,14478024,"1,000 to 1,599"
RAINS ISD,4,1727,13060,19659722,"1,600 to 2,999"
CANYON ISD,19,10659,11253,97406531,"10,000 to 24,999"
REAGAN COUNTY ISD,3,812,24683,17354047,500 to 999
BIG SPRINGS CHARTER SCHOOL,2,202,16927,3944077,Under 500
LEAKEY ISD,1,328,18135,4413063,Under 500
AVERY ISD,2,358,16509,5269743,Under 500
RIVERCREST ISD,3,684,15599,9623667,500 to 999
CLARKSVILLE ISD,2,522,17379,7924315,500 to 999
DETROIT ISD,3,528,19740,9432066,500 to 999
PECOS-BARSTOW-TOYAH ISD,5,2671,18539,36985970,"1,600 to 2,999"
BALMORHEA ISD,1,148,36653,2890513,Under 500
AUSTWELL-TIVOLI ISD,2,131,27100,2720605,Under 500
WOODSBORO ISD,2,437,26972,9451375,Under 500
REFUGIO ISD,3,689,19981,12352673,500 to 999
MIAMI ISD,1,196,24355,2924604,Under 500
BREMOND ISD,3,496,14922,6280905,Under 500
CALVERT ISD,1,142,20636,2736663,Under 500
FRANKLIN ISD,3,1347,24092,15952798,"1,000 to 1,599"
HEARNE ISD,3,737,43149,16642525,500 to 999
MUMFORD ISD,2,611,15531,9551498,500 to 999
ROCKWALL ISD,22,17818,11903,155417324,"10,000 to 24,999"
ROYSE CITY ISD,9,7610,12661,70123693,"5,000 to 9,999"
BALLINGER ISD,5,837,16326,12892856,500 to 999
MILES ISD,4,486,15684,6733964,Under 500
WINTERS ISD,4,552,23880,7539540,500 to 999
OLFEN ISD,3,141,19878,2657750,Under 500
HENDERSON ISD,5,3410,12425,37535043,"3,000 to 4,999"
LANEVILLE ISD,1,156,17036,2776872,Under 500
LEVERETTS CHAPEL ISD,3,244,15313,3609345,Under 500
MOUNT ENTERPRISE ISD,2,467,15176,6017796,Under 500
OVERTON ISD,2,473,23058,7027854,Under 500
TATUM ISD,4,1470,13736,17588765,"1,000 to 1,599"
CARLISLE ISD,1,607,18477,9433874,500 to 999
WEST RUSK COUNTY CONSOLIDATED ISD,5,1038,13585,12717658,"1,000 to 1,599"
HEMPHILL ISD,3,901,16550,12155794,500 to 999
WEST SABINE ISD,2,559,14133,7457062,500 to 999
SAN AUGUSTINE ISD,2,662,19083,11680454,500 to 999
BROADDUS ISD,2,365,22520,7696716,Under 500
COLDSPRING-OAKHURST CISD,4,1586,13781,19514493,"1,000 to 1,599"
SHEPHERD ISD,4,1909,14039,25388429,"1,600 to 2,999"
ARANSAS PASS ISD,4,1674,13021,20100172,"1,600 to 2,999"
GREGORY-PORTLAND ISD,6,4717,24424,82943704,"3,000 to 4,999"
INGLESIDE ISD,5,1998,14438,26572819,"1,600 to 2,999"
MATHIS ISD,4,1441,18969,24334260,"1,000 to 1,599"
ODEM-EDROY ISD,4,837,17367,12779880,500 to 999
SINTON ISD,5,2027,16126,29306711,"1,600 to 2,999"
TAFT ISD,3,888,21069,17664411,500 to 999
SAN SABA ISD,3,730,14509,9463129,500 to 999
RICHLAND SPRINGS ISD,1,120,23197,2345921,Under 500
CHEROKEE ISD,1,126,19315,2467901,Under 500
SCHLEICHER ISD,3,499,14275,7331111,Under 500
HERMLEIGH ISD,1,258,15638,3302627,Under 500
SNYDER ISD,4,2551,13251,32832768,"1,600 to 2,999"
IRA ISD,1,275,17734,3428714,Under 500
ALBANY ISD,2,510,12849,6425136,500 to 999
MORAN ISD,1,114,20794,2387107,Under 500
CENTER ISD,5,2518,14301,32889261,"1,600 to 2,999"
JOAQUIN ISD,3,681,16502,9982735,500 to 999
SHELBYVILLE ISD,1,773,14297,10837098,500 to 999
TENAHA ISD,1,472,15133,7308765,Under 500
TIMPSON ISD,1,643,16894,10303667,500 to 999
EXCELSIOR ISD,1,68,19632,1368888,Under 500
TEXHOMA ISD,1,108,11031,1820732,Under 500
STRATFORD ISD,3,579,17031,9134084,500 to 999
CUMBERLAND ACADEMY,4,1926,11002,21554738,"1,600 to 2,999"
UT TYLER UNIVERSITY ACADEMY,3,853,10608,8773109,500 to 999
ARP ISD,3,923,15550,12287648,500 to 999
BULLARD ISD,6,2788,12927,29410573,"1,600 to 2,999"
LINDALE ISD,6,4244,12513,45767933,"3,000 to 4,999"
TROUP ISD,3,1050,13603,13365182,"1,000 to 1,599"
TYLER ISD,26,18126,13082,192825460,"10,000 to 24,999"
WHITEHOUSE ISD,7,4896,11525,47406456,"3,000 to 4,999"
CHAPEL HILL ISD,5,3393,12297,40194199,"3,000 to 4,999"
WINONA ISD,3,1077,16075,14886200,"1,000 to 1,599"
BRAZOS RIVER CHARTER SCHOOL,1,182,14180,2935160,Under 500
GLEN ROSE ISD,4,1982,15185,26519026,"1,600 to 2,999"
RIO GRANDE CITY GRULLA ISD,15,9007,14409,128052561,"5,000 to 9,999"
SAN ISIDRO ISD,2,190,19732,3680967,Under 500
ROMA ISD,10,5621,15362,83247376,"5,000 to 9,999"
BRECKENRIDGE ISD,4,1414,11472,16075189,"1,000 to 1,599"
STERLING CITY ISD,5,337,24208,6153529,Under 500
ASPERMONT ISD,2,184,18150,3231843,Under 500
SONORA ISD,2,684,15584,10387604,500 to 999
HAPPY ISD,2,259,13194,3549060,Under 500
TULIA ISD,3,943,16569,14351184,500 to 999
KRESS ISD,2,271,15607,3993284,Under 500
TREETOPS SCHOOL INTERNATIONAL,1,323,10721,3530927,Under 500
ARLINGTON CLASSICS ACADEMY,3,1526,9784,15087121,"1,000 to 1,599"
FORT WORTH ACADEMY OF FINE ARTS,2,653,9394,5964954,500 to 999
WESTLAKE ACADEMY CHARTER SCHOOL,1,877,11298,9592556,500 to 999
EAST FORT WORTH MONTESSORI ACADEMY,1,185,13351,2937200,Under 500
TEXAS SCHOOL OF THE ARTS,1,293,10350,2970388,Under 500
CHAPEL HILL ACADEMY,1,693,10294,7854030,500 to 999
NEWMAN INTERNATIONAL ACADEMY OF ARLINGTON,7,3032,10604,32428107,"3,000 to 4,999"
HIGH POINT ACADEMY,3,1431,10681,16960717,"1,000 to 1,599"
ARLINGTON ISD,76,55594,12511,612109967,"50,000 and over"
BIRDVILLE ISD,32,22447,12567,236348140,"10,000 to 24,999"
EVERMAN ISD,10,5457,13865,71116992,"5,000 to 9,999"
FORT WORTH ISD,139,74326,14234,932700625,"50,000 and over"
GRAPEVINE-COLLEYVILLE ISD,21,13930,14894,146711627,"10,000 to 24,999"
KELLER ISD,42,34336,12292,351090436,"25,000 to 49,999"
MANSFIELD ISD,48,35240,11942,337665857,"25,000 to 49,999"
LAKE WORTH ISD,6,3632,16673,45642206,"3,000 to 4,999"
CROWLEY ISD,21,16227,13923,178345595,"10,000 to 24,999"
KENNEDALE ISD,6,2836,13654,34526316,"1,600 to 2,999"
AZLE ISD,12,6864,11420,69296403,"5,000 to 9,999"
HURST-EULESS-BEDFORD ISD,31,22814,13315,233239089,"10,000 to 24,999"
CASTLEBERRY ISD,8,3636,13278,45154836,"3,000 to 4,999"
EAGLE MT-SAGINAW ISD,29,22381,13391,224345137,"10,000 to 24,999"
CARROLL ISD,11,8382,14858,91767365,"5,000 to 9,999"
WHITE SETTLEMENT ISD,9,6981,11924,67944428,"5,000 to 9,999"
TEXAS COLLEGE PREPARATORY ACADEMIES,42,15236,10134,158650605,"10,000 to 24,999"
ABILENE ISD,27,15274,13199,179023889,"10,000 to 24,999"
MERKEL ISD,4,1082,12883,13085809,"1,000 to 1,599"
TRENT ISD,1,138,27433,3081672,Under 500
JIM NED CISD,4,1576,12397,16363522,"1,000 to 1,599"
WYLIE ISD,7,5097,10478,46135745,"5,000 to 9,999"
TERRELL COUNTY ISD,1,133,32170,2940721,Under 500
BROWNFIELD ISD,5,1640,15671,22002470,"1,600 to 2,999"
MEADOW ISD,1,270,17201,4475039,Under 500
WELLMAN-UNION CISD,1,284,18956,5134678,Under 500
THROCKMORTON COLLEGIATE ISD,1,156,23141,3213367,Under 500
WOODSON ISD,1,160,17106,2718082,Under 500
MOUNT PLEASANT ISD,9,5139,13656,66343249,"5,000 to 9,999"
CHAPEL HILL ISD,3,1042,13522,12615076,"1,000 to 1,599"
HARTS BLUFF ISD,2,804,16780,9745824,500 to 999
TEXAS LEADERSHIP PUBLIC SCHOOLS,4,3511,11157,31940280,"3,000 to 4,999"
CHRISTOVAL ISD,2,562,16119,7782435,500 to 999
SAN ANGELO ISD,23,13798,11700,139627164,"10,000 to 24,999"
WATER VALLEY ISD,6,350,19435,5307302,Under 500
WALL ISD,6,1283,13845,15946350,"1,000 to 1,599"
GRAPE CREEK ISD,6,1132,14846,15430748,"1,000 to 1,599"
VERIBEST ISD,4,277,14590,3493141,Under 500
UNIVERSITY OF TEXAS AT AUSTIN H S,1,666,,,500 to 999
WAYSIDE SCHOOLS,4,1643,11660,21531042,"1,600 to 2,999"
NYOS CHARTER SCHOOL,2,1422,12634,13577427,"1,000 to 1,599"
TEXAS EMPOWERMENT ACADEMY,2,392,16512,5828691,Under 500
UNIVERSITY OF TEXAS UNIVERSITY CHARTER SCHOOL,21,532,19346,11956062,500 to 999
CHAPARRAL STAR ACADEMY,1,354,8932,3304662,Under 500
HARMONY PUBLIC SCHOOLS - CENTRAL TEXAS,7,4224,11055,49912409,"3,000 to 4,999"
CEDARS INTERNATIONAL ACADEMY,2,496,13096,6495374,Under 500
UNIVERSITY OF TEXAS ELEMENTARY CHARTER SCHOOL,1,302,13582,3938833,Under 500
KIPP TEXAS PUBLIC SCHOOLS,58,32318,12705,391413971,"25,000 to 49,999"
AUSTIN DISCOVERY SCHOOL,1,430,11231,4862920,Under 500
VALERE PUBLIC SCHOOLS,4,1018,12648,12774547,"1,000 to 1,599"
AUSTIN ACHIEVE PUBLIC SCHOOLS,4,2312,14293,31188265,"1,600 to 2,999"
MONTESSORI FOR ALL,1,470,12699,6082885,Under 500
THE EXCEL CENTER - FOR ADULTS,5,844,10141,7402803,500 to 999
VALOR PUBLIC SCHOOLS,2,1378,10601,11565701,"1,000 to 1,599"
AUSTIN ISD,123,71883,13965,881678532,"50,000 and over"
PFLUGERVILLE ISD,33,25348,14088,274270069,"25,000 to 49,999"
MANOR ISD,15,9029,14446,101816608,"5,000 to 9,999"
EANES ISD,10,7809,12980,80943211,"5,000 to 9,999"
DEL VALLE ISD,14,10853,13929,120626288,"10,000 to 24,999"
LAGO VISTA ISD,4,1803,13391,16491011,"1,600 to 2,999"
LAKE TRAVIS ISD,11,10953,13575,101634305,"10,000 to 24,999"
GROVETON ISD,2,741,14312,10874144,500 to 999
TRINITY ISD,3,1159,14434,15376167,"1,000 to 1,599"
CENTERVILLE ISD,1,137,18136,2471201,Under 500
APPLE SPRINGS ISD,2,205,14852,3001004,Under 500
COLMESNEIL ISD,2,453,14531,6280492,Under 500
WOODVILLE ISD,4,1263,14995,18441735,"1,000 to 1,599"
WARREN ISD,4,1262,14310,16551049,"1,000 to 1,599"
SPURGER ISD,2,369,16047,5645926,Under 500
CHESTER ISD,2,212,15107,3135866,Under 500
BIG SANDY ISD,3,655,14994,8921435,500 to 999
GILMER ISD,4,2676,16238,37453850,"1,600 to 2,999"
ORE CITY ISD,3,861,14540,12929722,500 to 999
UNION HILL ISD,2,284,16664,5060980,Under 500
HARMONY ISD,4,1036,12869,12985486,"1,000 to 1,599"
NEW DIANA ISD,3,1214,13796,13013666,"1,000 to 1,599"
UNION GROVE ISD,3,701,14138,9296493,500 to 999
MCCAMEY ISD,3,521,25169,9291828,500 to 999
RANKIN ISD,1,312,96600,10490447,Under 500
KNIPPA ISD,1,412,12780,5641736,Under 500
SABINAL ISD,3,393,19337,8011301,Under 500
UVALDE CISD,8,4103,14458,51551642,"3,000 to 4,999"
UTOPIA ISD,1,212,14671,2989808,Under 500
SAN FELIPE-DEL RIO CISD,15,9851,11901,111200335,"5,000 to 9,999"
COMSTOCK ISD,1,240,20242,4214884,Under 500
RANCH ACADEMY,1,75,18438,1124729,Under 500
CANTON ISD,4,2273,12580,22768396,"1,600 to 2,999"
EDGEWOOD ISD,4,1027,14332,13153534,"1,000 to 1,599"
GRAND SALINE ISD,5,1173,15409,15950290,"1,000 to 1,599"
MARTINS MILL ISD,2,511,14014,6005014,500 to 999
VAN ISD,5,2366,12224,25417139,"1,600 to 2,999"
WILLS POINT ISD,5,2628,11718,28813924,"1,600 to 2,999"
FRUITVALE ISD,3,427,15874,6652224,Under 500
BLOOMINGTON ISD,5,825,13999,11726486,500 to 999
VICTORIA ISD,28,13253,12063,140315045,"10,000 to 24,999"
NURSERY ISD,1,136,16200,2038013,Under 500
RAVEN SCHOOL,1,29,23549,918412,Under 500
SAM HOUSTON STATE UNIVERSITY CHARTER SCHOOL,1,432,12192,4876928,Under 500
NEW WAVERLY ISD,4,994,14950,13857414,500 to 999
HUNTSVILLE ISD,11,15260,9214,96828043,"10,000 to 24,999"
HEMPSTEAD ISD,4,1584,14289,19212148,"1,000 to 1,599"
WALLER ISD,8,8367,14097,88458161,"5,000 to 9,999"
ROYAL ISD,4,2572,15624,32394840,"1,600 to 2,999"
MONAHANS-WICKETT-PYOTE ISD,6,2039,20573,31827585,"1,600 to 2,999"
GRANDFALLS-ROYALTY ISD,1,147,19067,2400378,Under 500
BRENHAM ISD,7,4866,11648,54535045,"3,000 to 4,999"
BURTON ISD,2,519,17446,7781210,500 to 999
TRIUMPH PUBLIC HIGH SCHOOLS-LAREDO,2,182,14806,3582932,Under 500
LAREDO ISD,30,19716,13935,270875458,"10,000 to 24,999"
UNITED ISD,50,39243,12654,489265086,"25,000 to 49,999"
WEBB CISD,4,264,35561,7482546,Under 500
BOLING ISD,3,1141,11474,12555497,"1,000 to 1,599"
EAST BERNARD ISD,3,954,14080,11481441,500 to 999
EL CAMPO ISD,5,3404,13265,41353302,"3,000 to 4,999"
WHARTON ISD,4,1960,13652,22122115,"1,600 to 2,999"
LOUISE ISD,3,518,14101,6881205,500 to 999
SHAMROCK ISD,3,381,16210,6452202,Under 500
WHEELER ISD,1,406,14763,5657966,Under 500
KELTON ISD,1,137,27333,2373563,Under 500
FORT ELLIOTT CISD,1,159,31354,1851044,Under 500
BURKBURNETT ISD,7,3307,13906,39391751,"3,000 to 4,999"
ELECTRA ISD,2,454,20026,6839386,Under 500
IOWA PARK CISD,4,1921,12404,20871625,"1,600 to 2,999"
WICHITA FALLS ISD,26,13371,11225,142802416,"10,000 to 24,999"
CITY VIEW ISD,3,1121,18879,18351851,"1,000 to 1,599"
HARROLD ISD,1,105,25508,2690632,Under 500
VERNON ISD,6,1862,13332,24494134,"1,600 to 2,999"
NORTHSIDE ISD,1,236,14915,3322896,Under 500
LASARA ISD,2,327,18468,5272721,Under 500
LYFORD CISD,3,1428,16857,21037145,"1,000 to 1,599"
RAYMONDVILLE ISD,5,1959,21717,30293167,"1,600 to 2,999"
SAN PERLITA ISD,3,223,22057,4604313,Under 500
MERIDIAN WORLD SCHOOL LLC,1,1683,10312,17313738,"1,600 to 2,999"
GOODWATER MONTESSORI SCHOOL,1,369,12209,4175636,Under 500
FLORENCE ISD,4,1114,14841,14730876,"1,000 to 1,599"
GEORGETOWN ISD,21,12566,14610,130180092,"10,000 to 24,999"
GRANGER ISD,1,506,13851,6140832,500 to 999
HUTTO ISD,12,8932,12855,88892732,"5,000 to 9,999"
JARRELL ISD,5,2882,14596,25116654,"1,600 to 2,999"
LIBERTY HILL ISD,11,6824,12871,52322159,"5,000 to 9,999"
ROUND ROCK ISD,57,45990,11734,457218588,"25,000 to 49,999"
TAYLOR ISD,7,3014,14502,37188831,"3,000 to 4,999"
THRALL ISD,3,786,14027,10179772,500 to 999
LEANDER ISD,46,41543,12733,374903797,"25,000 to 49,999"
COUPLAND ISD,1,263,16238,2561235,Under 500
FLORESVILLE ISD,5,4010,11292,39030433,"3,000 to 4,999"
LA VERNIA ISD,5,3356,11327,31134038,"3,000 to 4,999"
POTH ISD,4,909,18492,10788063,500 to 999
STOCKDALE ISD,4,813,14569,10205218,500 to 999
KERMIT ISD,3,1270,15405,17440237,"1,000 to 1,599"
WINK-LOVING ISD,2,407,94549,22970287,Under 500
ALVORD ISD,3,786,15423,10108113,500 to 999
BOYD ISD,4,1228,12390,14297176,"1,000 to 1,599"
BRIDGEPORT ISD,4,2027,13944,26177046,"1,600 to 2,999"
CHICO ISD,3,576,15355,7623908,500 to 999
DECATUR ISD,6,3600,15914,38366130,"3,000 to 4,999"
PARADISE ISD,4,1281,12755,13837208,"1,000 to 1,599"
SLIDELL ISD,1,383,14048,4440486,Under 500
HAWKINS ISD,2,747,17375,9542550,500 to 999
MINEOLA ISD,4,1631,14510,22572811,"1,600 to 2,999"
QUITMAN ISD,3,1176,17815,19031883,"1,000 to 1,599"
YANTIS ISD,2,368,13305,4936276,Under 500
ALBA-GOLDEN ISD,3,857,13680,11305682,500 to 999
WINNSBORO ISD,4,1532,21267,20610434,"1,000 to 1,599"
DENVER CITY ISD,4,1596,16921,19264912,"1,000 to 1,599"
PLAINS ISD,3,410,29262,6451148,Under 500
GRAHAM ISD,4,2293,13271,27643310,"1,600 to 2,999"
NEWCASTLE ISD,1,212,17174,3280326,Under 500
OLNEY ISD,3,696,18880,12203200,500 to 999
ZAPATA COUNTY ISD,6,3284,11998,40846570,"3,000 to 4,999"
CRYSTAL CITY ISD,5,1779,15386,24049138,"1,600 to 2,999"
LA PRYOR ISD,2,484,18230,9304435,Under 500